0,2025-01-31,2024-10-31,2024-07-31,2024-04-30,2024-01-31,2023-10-31,2023-07-31,2023-04-30,2023-01-31,2022-10-31,2022-07-31,2022-04-30,2022-01-31,2021-10-31,2021-07-31,2021-04-30,2021-01-31,2020-10-31,2020-07-31,2020-04-30,2020-01-31,2019-10-31,2019-07-31,2019-04-30,2019-01-31,2018-10-31,2018-07-31,2018-04-30,2018-01-31,2017-10-31,2017-07-31,2017-04-30,2017-01-31,2016-10-31,2016-07-31,2016-04-30,2016-01-31,2015-10-31,2015-07-31,2015-04-30,2015-01-31,2014-10-31,2014-07-31,2014-04-30,2014-01-31,2013-10-31,2013-07-31,2013-04-30,2013-01-31,2012-10-31,2012-07-31,2012-04-30,2012-01-31,2011-10-31,2011-07-31,2011-04-30,2011-01-31,2010-10-31,2010-07-31,2010-04-30,2010-01-31,2009-10-31,2009-07-31,2009-04-30,2009-01-31,2008-10-31,2008-07-31,2008-04-30,2008-01-31,2007-10-31,2007-07-31,2007-04-30,2007-10-31.1,2007-07-31.1,2007-04-30.1,2007-01-31,2006-10-31,2006-07-31
Financial Report Type,2025/Semi-annual report,2025/Q1 report,2024/annual report,2024/Q3 report,2024/Semi-annual report,2024/Q1 report,2023/annual report,2023/Q3 report,2023/Semi-annual report,2023/Q1 report,2022/annual report,2022/Q3 report,2022/Semi-annual report,2022/Q1 report,2021/annual report,2021/Q3 report,2021/Semi-annual report,2021/Q1 report,2020/annual report,2020/Q3 report,2020/Semi-annual report,2020/Q1 report,2019/annual report,2019/Q3 report,2019/Semi-annual report,2019/Q1 report,2018/annual report,2018/Q3 report,2018/Semi-annual report,2018/Q1 report,2017/annual report,2017/Q3 report,2017/Semi-annual report,2017/Q1 report,2016/annual report,2016/Q3 report,2016/Semi-annual report,2016/Q1 report,2015/annual report,2015/Q3 report,2015/Semi-annual report,2015/Q1 report,2014/annual report,2014/Q3 report,2014/Semi-annual report,2014/Q1 report,2013/annual report,2013/Q3 report,2013/Semi-annual report,2013/Q1 report,2012/annual report,2012/Q3 report,2012/Semi-annual report,2012/Q1 report,2011/annual report,2011/Q3 report,2011/Semi-annual report,2011/Q1 report,2010/annual report,2010/Q3 report,2010/Semi-annual report,2010/Q1 report,2009/annual report,2009/Q3 report,2009/Semi-annual report,2009/Q1 report,2008/annual report,2008/Q3 report,2008/Semi-annual report,2008/Q1 report,2007/annual report,2007/Q3 report,2008/Q1 report,2007/annual report,2007/Q3 report,2007/Semi-annual report,2007/Q1 report,2006/annual report
year-end date,7-31,7-31,7-31,7-31,7-31,7-31,7-31,7-31,7-31,7-31,7-31,7-31,7-31,7-31,7-31,7-31,7-31,7-31,7-31,7-31,7-31,7-31,7-31,7-31,7-31,7-31,7-31,7-31,7-31,7-31,7-31,7-31,7-31,7-31,7-31,7-31,7-31,7-31,7-31,7-31,7-31,7-31,7-31,7-31,7-31,7-31,7-31,7-31,7-31,7-31,7-31,7-31,7-31,7-31,7-31,7-31,7-31,7-31,7-31,7-31,7-31,7-31,7-31,7-31,7-31,7-31,7-31,7-31,7-31,7-31,7-31,7-31,7-31,7-31,7-31,7-31,7-31,7-31
currency,US Dollar,US Dollar,US Dollar,US Dollar,US Dollar,US Dollar,US Dollar,US Dollar,US Dollar,US Dollar,US Dollar,US Dollar,US Dollar,US Dollar,US Dollar,US Dollar,US Dollar,US Dollar,US Dollar,US Dollar,US Dollar,US Dollar,US Dollar,US Dollar,US Dollar,US Dollar,US Dollar,US Dollar,US Dollar,US Dollar,US Dollar,US Dollar,US Dollar,US Dollar,US Dollar,US Dollar,US Dollar,US Dollar,US Dollar,US Dollar,US Dollar,US Dollar,US Dollar,US Dollar,US Dollar,US Dollar,US Dollar,US Dollar,US Dollar,US Dollar,US Dollar,US Dollar,US Dollar,US Dollar,US Dollar,US Dollar,US Dollar,US Dollar,US Dollar,US Dollar,US Dollar,US Dollar,US Dollar,US Dollar,US Dollar,US Dollar,US Dollar,US Dollar,US Dollar,US Dollar,US Dollar,US Dollar,US Dollar,US Dollar,US Dollar,US Dollar,US Dollar,US Dollar
Operating Adjustments,,,,,,,,,,,,,,,,,,,,,,,,,,,,,,,,,,,,,,,,,,,,,,,,,,,,,,,,,,,,,,,,,,,,,,,,,,,,,,
Net profit,-1.971Hundred million,-1.484Hundred million,-9999Ten thousand,-920.0Ten thousand,-1200Ten thousand,-143.7Ten thousand,-2690Ten thousand,-2336Ten thousand,-1590Ten thousand,-1110Ten thousand,-3305Ten thousand,-2788Ten thousand,-2786Ten thousand,-598.4Ten thousand,-7348Ten thousand,-8084Ten thousand,-8164Ten thousand,-8584Ten thousand,702.0Ten thousand,589.4Ten thousand,988.3Ten thousand,638.8Ten thousand,2504Ten thousand,1891Ten thousand,1129Ten thousand,346.8Ten thousand,2977Ten thousand,2231Ten thousand,1410Ten thousand,-166.0Ten thousand,1583Ten thousand,851.3Ten thousand,409.6Ten thousand,-248.9Ten thousand,-773.8Ten thousand,-1044Ten thousand,391.5Ten thousand,143.9Ten thousand,2325Ten thousand,1777Ten thousand,1281Ten thousand,522.5Ten thousand,2515Ten thousand,1716Ten thousand,1129Ten thousand,--,1781Ten thousand,--,--,--,--,--,--,--,--,--,--,--,--,--,--,--,--,--,--,--,--,--,--,--,--,--,--,--,--,--,--,--
Depreciation and amortization,2105Ten thousand,1088Ten thousand,4435Ten thousand,3359Ten thousand,2339Ten thousand,1179Ten thousand,4624Ten thousand,3307Ten thousand,1978Ten thousand,949.4Ten thousand,4076Ten thousand,2792Ten thousand,1858Ten thousand,871.4Ten thousand,4112Ten thousand,2670Ten thousand,1772Ten thousand,900.1Ten thousand,4217Ten thousand,2763Ten thousand,1829Ten thousand,892.1Ten thousand,3957Ten thousand,2280Ten thousand,1404Ten thousand,873.4Ten thousand,4550Ten thousand,3022Ten thousand,2013Ten thousand,991.0Ten thousand,3564Ten thousand,2081Ten thousand,1238Ten thousand,1126Ten thousand,2816Ten thousand,1688Ten thousand,769.3Ten thousand,395.7Ten thousand,1716Ten thousand,1329Ten thousand,881.4Ten thousand,450.6Ten thousand,1838Ten thousand,1284Ten thousand,856.3Ten thousand,--,1730Ten thousand,--,--,--,--,--,--,--,--,--,--,--,--,--,--,--,--,--,--,--,--,--,--,--,--,--,--,--,--,--,--,--
stock-based compensation expenses,--,--,--,--,--,--,--,--,--,--,--,--,--,--,--,--,--,--,--,--,--,--,--,--,--,--,--,--,--,--,-8.200Ten thousand,-7.800Ten thousand,-6.100Ten thousand,-5.000Ten thousand,-2.800Ten thousand,-2.300Ten thousand,--,--,--,-14.00Ten thousand,--,-9.900Ten thousand,--,--,--,--,-26.50Ten thousand,--,--,--,--,--,--,--,--,--,--,--,--,--,--,--,--,--,--,--,--,--,--,--,--,--,--,--,--,--,--,--
Impairment and provisions,1.124Hundred million,1.110Hundred million,7058Ten thousand,337.7Ten thousand,209.3Ten thousand,22.10Ten thousand,513.2Ten thousand,333.9Ten thousand,182.9Ten thousand,108.9Ten thousand,528.5Ten thousand,361.5Ten thousand,225.3Ten thousand,101.9Ten thousand,434.6Ten thousand,292.6Ten thousand,264.8Ten thousand,111.3Ten thousand,121.6Ten thousand,87.40Ten thousand,30.60Ten thousand,3.000Ten thousand,1037Ten thousand,652.1Ten thousand,545.3Ten thousand,395.7Ten thousand,620.1Ten thousand,407.1Ten thousand,301.0Ten thousand,84.00Ten thousand,339.7Ten thousand,221.2Ten thousand,149.4Ten thousand,97.60Ten thousand,368.7Ten thousand,269.2Ten thousand,181.4Ten thousand,132.6Ten thousand,357.7Ten thousand,227.7Ten thousand,139.8Ten thousand,69.50Ten thousand,307.2Ten thousand,236.3Ten thousand,157.7Ten thousand,--,238.8Ten thousand,--,--,--,--,--,--,--,--,--,--,--,--,--,--,--,--,--,--,--,--,--,--,--,--,--,--,--,--,--,--,--
Deferred income tax,-49.30Ten thousand,-16.60Ten thousand,-299.0Ten thousand,-101.3Ten thousand,113.5Ten thousand,111.4Ten thousand,-606.0Ten thousand,-492.6Ten thousand,-203.4Ten thousand,-121.7Ten thousand,-585.6Ten thousand,-525.3Ten thousand,-204.9Ten thousand,17.50Ten thousand,-326.3Ten thousand,-2.800Ten thousand,-28.70Ten thousand,81.60Ten thousand,86.00Ten thousand,137.4Ten thousand,291.2Ten thousand,228.6Ten thousand,428.3Ten thousand,388.5Ten thousand,259.4Ten thousand,227.3Ten thousand,-637.9Ten thousand,-1124Ten thousand,-1122Ten thousand,271.8Ten thousand,905.6Ten thousand,660.6Ten thousand,430.7Ten thousand,-12.00Ten thousand,-324.1Ten thousand,-51.60Ten thousand,-247.9Ten thousand,-164.1Ten thousand,-236.5Ten thousand,-110.3Ten thousand,-54.80Ten thousand,-31.60Ten thousand,-40.40Ten thousand,-298.8Ten thousand,-168.9Ten thousand,--,111.5Ten thousand,--,--,--,--,--,--,--,--,--,--,--,--,--,--,--,--,--,--,--,--,--,--,--,--,--,--,--,--,--,--,--
Asset Disposal Gains and Losses,29.90Ten thousand,--,88.90Ten thousand,-199.6Ten thousand,-219.4Ten thousand,6000,4.800Ten thousand,4.800Ten thousand,7.800Ten thousand,7.100Ten thousand,-31.00Ten thousand,-12.00Ten thousand,-14.70Ten thousand,--,21.50Ten thousand,2.900Ten thousand,2.900Ten thousand,--,--,3000,1.700Ten thousand,--,14.40Ten thousand,4.000Ten thousand,4.000Ten thousand,3.200Ten thousand,7.900Ten thousand,7.700Ten thousand,--,2000,-12.60Ten thousand,-14.70Ten thousand,-14.60Ten thousand,1000,-2.100Ten thousand,-1.500Ten thousand,-2000,-1000,3000,3000,3000,1000,1.300Ten thousand,1.600Ten thousand,4.200Ten thousand,--,9000,--,--,--,--,--,--,--,--,--,--,--,--,--,--,--,--,--,--,--,--,--,--,--,--,--,--,--,--,--,--,--
Investment gains and losses,552.8Ten thousand,208.2Ten thousand,153.6Ten thousand,--,--,--,--,--,--,--,--,--,--,--,--,--,--,--,--,--,--,--,--,--,--,--,--,--,--,--,--,--,--,--,--,--,--,--,--,--,--,--,--,--,--,--,--,--,--,--,--,--,--,--,--,--,--,--,--,--,--,--,--,--,--,--,--,--,--,--,--,--,--,--,--,--,--,--
Revaluation surplus,3409Ten thousand,552.4Ten thousand,-427.3Ten thousand,-643.9Ten thousand,--,--,--,--,--,--,-100.5Ten thousand,-100.4Ten thousand,-70.20Ten thousand,-30.40Ten thousand,--,--,--,--,--,--,--,--,--,--,--,--,--,--,--,--,--,--,--,--,-35.90Ten thousand,--,--,--,--,--,--,--,-23.90Ten thousand,-23.90Ten thousand,-23.90Ten thousand,--,-326.7Ten thousand,--,--,--,--,--,--,--,--,--,--,--,--,--,--,--,--,--,--,--,--,--,--,--,--,--,--,--,--,--,--,--
Operating Adjustments Other Items,156.3Ten thousand,24.80Ten thousand,-411.0Ten thousand,-310.0Ten thousand,-206.7Ten thousand,-103.3Ten thousand,-36.90Ten thousand,66.40Ten thousand,169.7Ten thousand,273.1Ten thousand,325.6Ten thousand,428.9Ten thousand,532.2Ten thousand,-103.3Ten thousand,-685.8Ten thousand,-529.2Ten thousand,-398.1Ten thousand,-125.8Ten thousand,-368.9Ten thousand,-265.6Ten thousand,-209.9Ten thousand,-80.60Ten thousand,529.5Ten thousand,632.8Ten thousand,388.6Ten thousand,--,--,--,--,--,--,--,--,--,--,--,--,-4000,-14.80Ten thousand,--,-13.80Ten thousand,6.500Ten thousand,-73.80Ten thousand,102.8Ten thousand,68.10Ten thousand,--,141.9Ten thousand,--,--,--,--,--,--,--,--,--,--,--,--,--,--,--,--,--,--,--,--,--,--,--,--,--,--,--,--,--,--,--
Total Operating Adjustments,,,,,,,,,,,,,,,,,,,,,,,,,,,,,,,,,,,,,,,,,,,,,,,,,,,,,,,,,,,,,,,,,,,,,,,,,,,,,,
accounts receivable and notes,1054Ten thousand,-271.2Ten thousand,-3831Ten thousand,-4207Ten thousand,-4046Ten thousand,-2627Ten thousand,-3971Ten thousand,-2107Ten thousand,-1176Ten thousand,-531.8Ten thousand,3357Ten thousand,3371Ten thousand,1934Ten thousand,2145Ten thousand,-3122Ten thousand,-1710Ten thousand,-2374Ten thousand,-578.4Ten thousand,2093Ten thousand,1013Ten thousand,-22.00Ten thousand,-1595Ten thousand,631.5Ten thousand,1097Ten thousand,322.9Ten thousand,-1227Ten thousand,-2458Ten thousand,-378.6Ten thousand,580.1Ten thousand,1072Ten thousand,2551Ten thousand,3007Ten thousand,2499Ten thousand,1368Ten thousand,580.6Ten thousand,2306Ten thousand,1499Ten thousand,927.5Ten thousand,-1513Ten thousand,-1305Ten thousand,-1408Ten thousand,-657.7Ten thousand,-509.2Ten thousand,-1531Ten thousand,-705.6Ten thousand,--,659.1Ten thousand,--,--,--,--,--,--,--,--,--,--,--,--,--,--,--,--,--,--,--,--,--,--,--,--,--,--,--,--,--,--,--
Operating Activities,,,,,,,,,,,,,,,,,,,,,,,,,,,,,,,,,,,,,,,,,,,,,,,,,,,,,,,,,,,,,,,,,,,,,,,,,,,,,,
inventory,-179.9Ten thousand,-121.4Ten thousand,-776.3Ten thousand,-1019Ten thousand,91.30Ten thousand,265.6Ten thousand,-1489Ten thousand,-1438Ten thousand,-572.5Ten thousand,-427.8Ten thousand,-2041Ten thousand,-1818Ten thousand,-1216Ten thousand,-851.3Ten thousand,-233.8Ten thousand,-393.5Ten thousand,-177.2Ten thousand,-10.10Ten thousand,-913.2Ten thousand,-568.9Ten thousand,9.800Ten thousand,265.6Ten thousand,-378.7Ten thousand,-913.6Ten thousand,-1407Ten thousand,-1524Ten thousand,-2007Ten thousand,-1961Ten thousand,-1354Ten thousand,-1028Ten thousand,781.2Ten thousand,225.9Ten thousand,-87.50Ten thousand,-494.2Ten thousand,828.0Ten thousand,506.8Ten thousand,236.9Ten thousand,-149.8Ten thousand,-344.6Ten thousand,-872.9Ten thousand,-739.1Ten thousand,-560.2Ten thousand,125.0Ten thousand,-489.2Ten thousand,-593.9Ten thousand,--,409.3Ten thousand,--,--,--,--,--,--,--,--,--,--,--,--,--,--,--,--,--,--,--,--,--,--,--,--,--,--,--,--,--,--,--
Prepayments and other receivables,15.50Ten thousand,-99.50Ten thousand,428.2Ten thousand,159.6Ten thousand,215.7Ten thousand,99.70Ten thousand,165.6Ten thousand,182.6Ten thousand,178.1Ten thousand,158.1Ten thousand,-319.0Ten thousand,-344.7Ten thousand,60.20Ten thousand,150.7Ten thousand,-26.50Ten thousand,--,--,--,--,--,--,--,--,--,--,--,--,--,--,--,--,--,--,--,--,--,--,--,217.4Ten thousand,--,--,--,-407.4Ten thousand,--,--,--,--,--,--,--,--,--,--,--,--,--,--,--,--,--,--,--,--,--,--,--,--,--,--,--,--,--,--,--,--,--,--,--
deferred expenses and other assets,--,--,--,--,--,--,--,--,--,--,--,--,--,--,--,-634.8Ten thousand,200.9Ten thousand,-520.2Ten thousand,-298.0Ten thousand,-410.0Ten thousand,-224.6Ten thousand,88.60Ten thousand,101.7Ten thousand,-160.3Ten thousand,167.5Ten thousand,311.8Ten thousand,64.70Ten thousand,51.70Ten thousand,148.8Ten thousand,151.4Ten thousand,-29.00Ten thousand,-130.2Ten thousand,61.00Ten thousand,55.90Ten thousand,202.6Ten thousand,157.1Ten thousand,184.7Ten thousand,138.5Ten thousand,--,-26.50Ten thousand,43.80Ten thousand,88.20Ten thousand,--,-304.8Ten thousand,-430.2Ten thousand,--,29.50Ten thousand,--,--,--,--,--,--,--,--,--,--,--,--,--,--,--,--,--,--,--,--,--,--,--,--,--,--,--,--,--,--,--
accounts payable and notes,138.6Ten thousand,171.0Ten thousand,-1893Ten thousand,-731.6Ten thousand,-1935Ten thousand,510.0Ten thousand,2036Ten thousand,1820Ten thousand,-693.9Ten thousand,-155.5Ten thousand,683.3Ten thousand,-580.2Ten thousand,-450.1Ten thousand,-635.3Ten thousand,1102Ten thousand,812.2Ten thousand,1448Ten thousand,113.3Ten thousand,-220.6Ten thousand,674.8Ten thousand,227.0Ten thousand,429.9Ten thousand,-2129Ten thousand,-861.1Ten thousand,-1469Ten thousand,-918.0Ten thousand,1373Ten thousand,31.00Ten thousand,-225.9Ten thousand,61.00Ten thousand,-447.2Ten thousand,-608.8Ten thousand,-857.2Ten thousand,-334.8Ten thousand,-125.5Ten thousand,-984.6Ten thousand,255.5Ten thousand,-301.7Ten thousand,-319.4Ten thousand,-388.2Ten thousand,-100.6Ten thousand,-110.2Ten thousand,51.20Ten thousand,-204.4Ten thousand,21.00Ten thousand,--,-257.7Ten thousand,--,--,--,--,--,--,--,--,--,--,--,--,--,--,--,--,--,--,--,--,--,--,--,--,--,--,--,--,--,--,--
payable taxes,123.5Ten thousand,247.2Ten thousand,-229.1Ten thousand,-214.1Ten thousand,293.2Ten thousand,-347.2Ten thousand,167.3Ten thousand,96.10Ten thousand,45.80Ten thousand,79.00Ten thousand,-107.1Ten thousand,-246.9Ten thousand,-451.2Ten thousand,-260.5Ten thousand,313.6Ten thousand,-116.7Ten thousand,-111.7Ten thousand,-307.7Ten thousand,-142.7Ten thousand,-217.6Ten thousand,-327.1Ten thousand,-122.1Ten thousand,-241.8Ten thousand,-375.7Ten thousand,-329.1Ten thousand,-442.4Ten thousand,12.60Ten thousand,-12.90Ten thousand,-298.2Ten thousand,-334.6Ten thousand,135.5Ten thousand,-403.8Ten thousand,-452.5Ten thousand,-344.6Ten thousand,-89.20Ten thousand,-543.6Ten thousand,-43.60Ten thousand,190.8Ten thousand,166.2Ten thousand,24.20Ten thousand,-149.8Ten thousand,293.0Ten thousand,-137.3Ten thousand,131.3Ten thousand,-6.600Ten thousand,--,114.9Ten thousand,--,--,--,--,--,--,--,--,--,--,--,--,--,--,--,--,--,--,--,--,--,--,--,--,--,--,--,--,--,--,--
Accrued expenses and other liabilities,-831.4Ten thousand,-488.7Ten thousand,75.50Ten thousand,211.7Ten thousand,-308.9Ten thousand,-653.8Ten thousand,67.10Ten thousand,-79.70Ten thousand,-69.30Ten thousand,525.6Ten thousand,-1108Ten thousand,-370.2Ten thousand,702.8Ten thousand,81.40Ten thousand,-788.6Ten thousand,560.6Ten thousand,-304.7Ten thousand,938.9Ten thousand,671.4Ten thousand,22.50Ten thousand,345.0Ten thousand,-109.2Ten thousand,347.0Ten thousand,609.9Ten thousand,355.7Ten thousand,880.1Ten thousand,-405.6Ten thousand,-62.20Ten thousand,-538.8Ten thousand,-269.2Ten thousand,-2324Ten thousand,-1763Ten thousand,-463.1Ten thousand,-252.5Ten thousand,-1424Ten thousand,-489.5Ten thousand,-75.30Ten thousand,-395.0Ten thousand,-81.50Ten thousand,-376.0Ten thousand,-292.4Ten thousand,-391.2Ten thousand,-84.00Ten thousand,-3.500Ten thousand,-342.5Ten thousand,--,-874.9Ten thousand,--,--,--,--,--,--,--,--,--,--,--,--,--,--,--,--,--,--,--,--,--,--,--,--,--,--,--,--,--,--,--
deposits and restricted cash,--,--,--,--,--,--,--,--,--,--,--,--,--,--,--,--,--,--,--,--,--,--,--,--,--,--,--,--,--,--,--,--,-298.9Ten thousand,-169.1Ten thousand,-639.7Ten thousand,-591.0Ten thousand,-811.2Ten thousand,-410.6Ten thousand,--,506.3Ten thousand,-408.6Ten thousand,-140.6Ten thousand,--,311.6Ten thousand,40.90Ten thousand,--,39.10Ten thousand,--,--,--,--,--,--,--,--,--,--,--,--,--,--,--,--,--,--,--,--,--,--,--,--,--,--,--,--,--,--,--
payable interest,-43.10Ten thousand,-52.10Ten thousand,-29.60Ten thousand,-11.20Ten thousand,-5.100Ten thousand,5.800Ten thousand,119.7Ten thousand,103.7Ten thousand,96.10Ten thousand,7.800Ten thousand,-2.200Ten thousand,-7.300Ten thousand,-5.600Ten thousand,-6.600Ten thousand,3.200Ten thousand,6.400Ten thousand,10.20Ten thousand,130.7Ten thousand,-39.70Ten thousand,-30.70Ten thousand,-24.50Ten thousand,-13.30Ten thousand,15.10Ten thousand,6.900Ten thousand,17.70Ten thousand,-45.50Ten thousand,23.40Ten thousand,25.00Ten thousand,-19.90Ten thousand,-21.30Ten thousand,-103.9Ten thousand,-122.6Ten thousand,-47.10Ten thousand,-7.700Ten thousand,129.2Ten thousand,8.200Ten thousand,--,--,-2.900Ten thousand,-2.900Ten thousand,-2.900Ten thousand,--,-137.2Ten thousand,150.0Ten thousand,--,--,--,--,--,--,--,--,--,--,--,--,--,--,--,--,--,--,--,--,--,--,--,--,--,--,--,--,--,--,--,--,--,--
Operating Activities Other Items,-206.7Ten thousand,322.7Ten thousand,205.2Ten thousand,-210.5Ten thousand,537.6Ten thousand,226.2Ten thousand,651.4Ten thousand,521.6Ten thousand,-31.30Ten thousand,-382.3Ten thousand,-1171Ten thousand,682.5Ten thousand,840.9Ten thousand,-404.2Ten thousand,2481Ten thousand,1469Ten thousand,1521Ten thousand,427.4Ten thousand,-631.2Ten thousand,106.3Ten thousand,211.9Ten thousand,-82.20Ten thousand,-12.70Ten thousand,133.3Ten thousand,-85.70Ten thousand,-294.7Ten thousand,914.3Ten thousand,824.8Ten thousand,23.50Ten thousand,-163.5Ten thousand,-243.1Ten thousand,396.1Ten thousand,--,--,--,--,--,--,-97.00Ten thousand,--,--,--,34.60Ten thousand,--,--,--,--,--,--,--,--,--,--,--,--,--,--,--,--,--,--,--,--,--,--,--,--,--,--,--,--,--,--,--,--,--,--,--
Net Cash Flow from Operating Activities,-2204Ten thousand,-2181Ten thousand,-5450Ten thousand,-4500Ten thousand,-4121Ten thousand,-1455Ten thousand,-443.3Ten thousand,-17.70Ten thousand,-1679Ten thousand,-619.7Ten thousand,199.7Ten thousand,842.1Ten thousand,955.1Ten thousand,477.9Ten thousand,-4064Ten thousand,-5658Ten thousand,-6337Ten thousand,-7423Ten thousand,5276Ten thousand,3901Ten thousand,3127Ten thousand,544.5Ten thousand,6803Ten thousand,5384Ten thousand,1304Ten thousand,-1413Ten thousand,5034Ten thousand,3062Ten thousand,917.7Ten thousand,648.6Ten thousand,6692Ten thousand,4392Ten thousand,2561Ten thousand,778.6Ten thousand,1508Ten thousand,1227Ten thousand,2339Ten thousand,507.3Ten thousand,2173Ten thousand,768.3Ten thousand,-824.0Ten thousand,-471.0Ten thousand,3459Ten thousand,1079Ten thousand,5.400Ten thousand,-124.0Ten thousand,3770Ten thousand,1572Ten thousand,1139Ten thousand,1188Ten thousand,5349Ten thousand,1725Ten thousand,1120Ten thousand,-77.20Ten thousand,9736Ten thousand,6893Ten thousand,4424Ten thousand,1930Ten thousand,1.245Hundred million,8251Ten thousand,2796Ten thousand,1302Ten thousand,8854Ten thousand,4961Ten thousand,2437Ten thousand,265.8Ten thousand,7778Ten thousand,2213Ten thousand,-96.50Ten thousand,-973.2Ten thousand,8924Ten thousand,6545Ten thousand,-973.2Ten thousand,8924Ten thousand,6545Ten thousand,1721Ten thousand,-362.9Ten thousand,4433Ten thousand
Investment business,,,,,,,,,,,,,,,,,,,,,,,,,,,,,,,,,,,,,,,,,,,,,,,,,,,,,,,,,,,,,,,,,,,,,,,,,,,,,,
Purchase of Fixed Assets,-406.8Ten thousand,-241.5Ten thousand,-1308Ten thousand,-890.4Ten thousand,-748.9Ten thousand,-321.6Ten thousand,-1831Ten thousand,-1487Ten thousand,-991.8Ten thousand,-722.1Ten thousand,-1962Ten thousand,-1442Ten thousand,-881.1Ten thousand,-363.8Ten thousand,-1604Ten thousand,-823.7Ten thousand,-368.6Ten thousand,-89.00Ten thousand,-722.5Ten thousand,-442.0Ten thousand,-250.8Ten thousand,-125.0Ten thousand,-878.5Ten thousand,-638.8Ten thousand,-418.1Ten thousand,-164.5Ten thousand,-864.2Ten thousand,-529.9Ten thousand,-283.6Ten thousand,-110.8Ten thousand,-815.0Ten thousand,-622.3Ten thousand,-414.7Ten thousand,-207.5Ten thousand,-566.7Ten thousand,-306.3Ten thousand,-146.3Ten thousand,-63.60Ten thousand,-336.2Ten thousand,-283.3Ten thousand,-214.5Ten thousand,-74.70Ten thousand,-493.7Ten thousand,-453.6Ten thousand,-342.4Ten thousand,--,-534.7Ten thousand,--,--,--,--,--,--,--,--,--,--,--,--,--,--,--,--,--,--,--,--,--,--,--,--,--,--,--,--,--,--,--
Acquisition of subsidiaries,--,--,--,--,--,--,--,--,--,--,--,--,--,--,55.40Ten thousand,--,--,--,--,--,--,--,-1000Ten thousand,-1000Ten thousand,--,--,--,--,--,--,--,--,--,--,-2.805Hundred million,-2.805Hundred million,--,--,--,--,--,--,--,--,--,--,--,--,--,--,--,--,--,--,--,--,--,--,--,--,--,--,--,--,--,--,--,--,--,--,--,--,--,--,--,--,--,--
Other investment business projects,--,--,3323Ten thousand,3323Ten thousand,3243Ten thousand,--,--,--,--,--,--,--,--,--,--,63.10Ten thousand,-75.00Ten thousand,--,-1296Ten thousand,-1195Ten thousand,-1117Ten thousand,--,-2588Ten thousand,-2588Ten thousand,--,--,--,--,--,--,--,--,--,--,--,--,--,--,--,--,--,--,--,--,--,--,--,--,--,--,--,--,--,--,--,--,--,--,--,--,--,--,--,--,--,--,--,--,--,--,--,--,--,--,--,--,--,--
Net cash flow from investing activities,-406.8Ten thousand,-241.5Ten thousand,2014Ten thousand,2432Ten thousand,2494Ten thousand,-321.6Ten thousand,-1831Ten thousand,-1487Ten thousand,-991.8Ten thousand,-722.1Ten thousand,-1962Ten thousand,-1442Ten thousand,-881.1Ten thousand,-363.8Ten thousand,-1548Ten thousand,-760.6Ten thousand,-443.6Ten thousand,-89.00Ten thousand,-2018Ten thousand,-1637Ten thousand,-1367Ten thousand,-125.0Ten thousand,-4467Ten thousand,-4227Ten thousand,-418.1Ten thousand,-164.5Ten thousand,-864.2Ten thousand,-529.9Ten thousand,-283.6Ten thousand,-110.8Ten thousand,-815.0Ten thousand,-622.3Ten thousand,-414.7Ten thousand,-207.5Ten thousand,-2.862Hundred million,-2.836Hundred million,-146.3Ten thousand,-63.60Ten thousand,-336.2Ten thousand,-283.3Ten thousand,-214.5Ten thousand,-74.70Ten thousand,-493.7Ten thousand,-453.6Ten thousand,-342.4Ten thousand,-102.7Ten thousand,-534.7Ten thousand,-401.7Ten thousand,-245.7Ten thousand,-106.3Ten thousand,-641.3Ten thousand,-446.7Ten thousand,-266.0Ten thousand,-144.3Ten thousand,-1004Ten thousand,-766.8Ten thousand,-595.0Ten thousand,-440.0Ten thousand,-547.7Ten thousand,-227.7Ten thousand,-111.5Ten thousand,46.80Ten thousand,-2.189Hundred million,-2.159Hundred million,-2.132Hundred million,-2.097Hundred million,-2045Ten thousand,-1023Ten thousand,-684.4Ten thousand,-363.7Ten thousand,-1605Ten thousand,-1161Ten thousand,-363.7Ten thousand,-1605Ten thousand,-1161Ten thousand,-748.4Ten thousand,-496.4Ten thousand,-1352Ten thousand
Financing Activities,,,,,,,,,,,,,,,,,,,,,,,,,,,,,,,,,,,,,,,,,,,,,,,,,,,,,,,,,,,,,,,,,,,,,,,,,,,,,,
issue shares,8.300Ten thousand,3.800Ten thousand,4345Ten thousand,4342Ten thousand,4338Ten thousand,9.400Ten thousand,47.00Ten thousand,37.00Ten thousand,24.30Ten thousand,11.90Ten thousand,1.007Hundred million,1.006Hundred million,1.005Hundred million,1.002Hundred million,80.90Ten thousand,57.40Ten thousand,36.90Ten thousand,18.20Ten thousand,85.50Ten thousand,69.00Ten thousand,51.00Ten thousand,24.60Ten thousand,93.50Ten thousand,70.90Ten thousand,47.60Ten thousand,24.10Ten thousand,85.50Ten thousand,61.90Ten thousand,39.70Ten thousand,18.90Ten thousand,6.800Ten thousand,51.40Ten thousand,34.80Ten thousand,18.30Ten thousand,67.60Ten thousand,49.90Ten thousand,34.80Ten thousand,17.50Ten thousand,91.70Ten thousand,70.70Ten thousand,47.90Ten thousand,24.30Ten thousand,91.30Ten thousand,67.00Ten thousand,43.00Ten thousand,--,90.80Ten thousand,--,--,--,--,--,--,--,--,--,--,--,--,--,--,--,--,--,--,--,--,--,--,--,--,--,--,--,--,--,--,--
repurchase shares,--,--,--,--,--,--,--,--,--,--,--,--,--,--,--,--,--,--,--,--,--,--,--,--,--,--,--,--,--,--,--,--,--,--,--,--,--,--,-498.9Ten thousand,-498.9Ten thousand,--,--,-7073Ten thousand,-5812Ten thousand,-2911Ten thousand,--,-2695Ten thousand,--,--,--,--,--,--,--,--,--,--,--,--,--,--,--,--,--,--,--,--,--,--,--,--,--,--,--,--,--,--,--
Redemption of Bonds,--,--,--,--,--,--,--,--,--,--,--,--,--,--,--,--,--,--,--,--,--,--,-1.687Hundred million,-1.687Hundred million,-1.687Hundred million,-1.687Hundred million,-2776Ten thousand,-1466Ten thousand,-1035Ten thousand,-712.7Ten thousand,-6007Ten thousand,-774.7Ten thousand,-442.7Ten thousand,-221.2Ten thousand,-2.115Hundred million,-1.372Hundred million,--,--,--,--,--,--,--,--,--,--,--,--,--,--,--,--,--,--,--,--,--,--,--,--,--,--,--,--,--,--,--,--,--,--,--,--,--,--,--,--,--,--
Dividend Payments,-15.70Ten thousand,-3.900Ten thousand,-26.80Ten thousand,-26.70Ten thousand,-26.50Ten thousand,-11.10Ten thousand,-866.1Ten thousand,-865.8Ten thousand,-587.0Ten thousand,-309.2Ten thousand,-1105Ten thousand,-839.8Ten thousand,-575.5Ten thousand,-291.6Ten thousand,-1033Ten thousand,-773.4Ten thousand,-523.7Ten thousand,-523.6Ten thousand,-1002Ten thousand,-755.3Ten thousand,-512.0Ten thousand,-269.2Ten thousand,-978.9Ten thousand,-738.1Ten thousand,-499.8Ten thousand,-261.5Ten thousand,-953.8Ten thousand,-717.3Ten thousand,-482.1Ten thousand,-245.9Ten thousand,-1887Ten thousand,-1652Ten thousand,-1418Ten thousand,-712.3Ten thousand,-1941Ten thousand,-1454Ten thousand,-969.1Ten thousand,-484.4Ten thousand,-1943Ten thousand,-1458Ten thousand,-971.2Ten thousand,-484.9Ten thousand,-1868Ten thousand,-1378Ten thousand,-905.3Ten thousand,--,-1888Ten thousand,--,--,--,--,--,--,--,--,--,--,--,--,--,--,--,--,--,--,--,--,--,--,--,--,--,--,--,--,--,--,--
Proceeds from Exercising Stock Options,--,--,--,--,--,--,--,--,--,--,--,--,--,--,--,--,--,--,46.80Ten thousand,46.80Ten thousand,46.80Ten thousand,30.60Ten thousand,21.60Ten thousand,17.40Ten thousand,17.40Ten thousand,17.40Ten thousand,32.60Ten thousand,13.00Ten thousand,--,--,--,--,--,--,--,--,--,--,143.9Ten thousand,141.7Ten thousand,11.90Ten thousand,--,605.8Ten thousand,344.4Ten thousand,255.9Ten thousand,--,118.2Ten thousand,--,--,--,--,--,--,--,--,--,--,--,--,--,--,--,--,--,--,--,--,--,--,--,--,--,--,--,--,--,--,--
New borrowings,--,--,--,--,--,--,--,--,--,--,--,--,--,--,--,--,--,--,--,-560.0Ten thousand,-700.0Ten thousand,--,1.650Hundred million,--,--,--,--,100.1Ten thousand,940.0Ten thousand,640.0Ten thousand,--,-1830Ten thousand,-410.0Ten thousand,100.0Ten thousand,3.339Hundred million,1.019Hundred million,--,--,--,--,--,--,--,--,--,--,--,--,--,--,--,--,--,--,--,--,--,--,--,--,--,--,--,--,--,--,--,--,--,--,--,--,--,--,--,--,--,--
Repayment of loans,--,--,-8530Ten thousand,--,--,--,3690Ten thousand,--,--,--,-7100Ten thousand,--,--,--,--,--,--,--,--,--,--,--,--,--,--,--,--,--,--,--,--,--,-185.3Ten thousand,-94.30Ten thousand,--,-71.70Ten thousand,--,--,--,--,--,--,--,--,--,--,--,--,--,--,--,--,--,--,--,--,--,--,--,--,--,--,--,--,--,--,--,--,--,--,--,--,--,--,--,--,--,--
Loan Income,2500Ten thousand,2500Ten thousand,1.083Hundred million,-305.9Ten thousand,-1874Ten thousand,-62.50Ten thousand,-187.5Ten thousand,2975Ten thousand,3838Ten thousand,1870Ten thousand,--,-7400Ten thousand,-8650Ten thousand,-9300Ten thousand,5150Ten thousand,--,--,--,--,--,--,--,--,--,--,--,--,--,--,--,--,--,--,--,--,--,--,--,--,--,--,--,-4.900Ten thousand,--,--,--,--,--,--,--,--,--,--,--,--,--,--,--,--,--,--,--,--,--,--,--,--,--,--,--,--,--,--,--,--,--,--,--
related issuance expenses,-323.4Ten thousand,-280.7Ten thousand,-1457Ten thousand,-737.5Ten thousand,-593.0Ten thousand,-30.80Ten thousand,-380.9Ten thousand,-379.1Ten thousand,-361.6Ten thousand,--,-414.7Ten thousand,-414.7Ten thousand,-414.7Ten thousand,-67.00Ten thousand,-3.000Ten thousand,--,--,--,--,--,--,--,-181.3Ten thousand,-181.3Ten thousand,-180.8Ten thousand,-177.1Ten thousand,--,--,--,--,-108.5Ten thousand,-73.00Ten thousand,-73.00Ten thousand,-59.70Ten thousand,-994.0Ten thousand,-1046Ten thousand,-7.800Ten thousand,--,--,--,--,--,-8.400Ten thousand,--,--,--,--,--,--,--,--,--,--,--,--,--,--,--,--,--,--,--,--,--,--,--,--,--,--,--,--,--,--,--,--,--,--,--
Excess Tax Benefits,--,--,--,--,--,--,--,--,--,--,--,--,--,--,--,--,--,--,--,--,--,--,--,--,--,--,--,--,--,--,8.200Ten thousand,7.800Ten thousand,6.100Ten thousand,5.000Ten thousand,2.800Ten thousand,2.300Ten thousand,5000,4000,14.80Ten thousand,14.00Ten thousand,13.80Ten thousand,9.900Ten thousand,73.80Ten thousand,4.900Ten thousand,1.600Ten thousand,--,26.50Ten thousand,--,--,--,--,--,--,--,--,--,--,--,--,--,--,--,--,--,--,--,--,--,--,--,--,--,--,--,--,--,--,--
Financing Activities Other Items,-135.1Ten thousand,-76.00Ten thousand,-383.5Ten thousand,-381.0Ten thousand,1882Ten thousand,1792Ten thousand,-297.4Ten thousand,-287.1Ten thousand,-257.8Ten thousand,-243.5Ten thousand,-612.4Ten thousand,-610.2Ten thousand,-473.5Ten thousand,-472.8Ten thousand,-284.1Ten thousand,6267Ten thousand,5573Ten thousand,6476Ten thousand,-2158Ten thousand,-558.8Ten thousand,-555.7Ten thousand,-75.80Ten thousand,-709.6Ten thousand,1.671Hundred million,1.685Hundred million,1.879Hundred million,-394.5Ten thousand,-290.8Ten thousand,-233.5Ten thousand,-171.8Ten thousand,-385.4Ten thousand,-298.3Ten thousand,-24.40Ten thousand,-16.30Ten thousand,9317Ten thousand,2.500Hundred million,--,--,--,--,--,--,-1.500Hundred million,-12.40Ten thousand,-12.40Ten thousand,--,-12.20Ten thousand,--,--,--,--,--,--,--,--,--,--,--,--,--,--,--,--,--,--,--,--,--,--,--,--,--,--,--,--,--,--,--
Net Cash Flow from Financing Activities,2034Ten thousand,2143Ten thousand,4783Ten thousand,2891Ten thousand,3726Ten thousand,1697Ten thousand,2005Ten thousand,1480Ten thousand,2655Ten thousand,1329Ten thousand,841.5Ten thousand,796.9Ten thousand,-68.30Ten thousand,-108.5Ten thousand,3910Ten thousand,5551Ten thousand,5086Ten thousand,5971Ten thousand,-3028Ten thousand,-1758Ten thousand,-1670Ten thousand,-289.8Ten thousand,-2127Ten thousand,-990.4Ten thousand,-634.4Ten thousand,1523Ten thousand,-4006Ten thousand,-2299Ten thousand,-771.3Ten thousand,-471.5Ten thousand,-8373Ten thousand,-4569Ten thousand,-2512Ten thousand,-980.5Ten thousand,1.870Hundred million,1.895Hundred million,-941.6Ten thousand,-466.5Ten thousand,-2191Ten thousand,-1731Ten thousand,-897.6Ten thousand,-450.7Ten thousand,-2.318Hundred million,-6786Ten thousand,-3528Ten thousand,-782.2Ten thousand,-4360Ten thousand,-3740Ten thousand,-2390Ten thousand,-420.3Ten thousand,-2.380Hundred million,-2.039Hundred million,-1.671Hundred million,-8227Ten thousand,-1.361Hundred million,-7992Ten thousand,-5255Ten thousand,-1979Ten thousand,310.1Ten thousand,259.6Ten thousand,185.7Ten thousand,111.6Ten thousand,2.058Hundred million,1139Ten thousand,1094Ten thousand,843.0Ten thousand,983.9Ten thousand,628.3Ten thousand,584.4Ten thousand,385.7Ten thousand,1813Ten thousand,555.5Ten thousand,385.7Ten thousand,1813Ten thousand,555.5Ten thousand,489.7Ten thousand,256.6Ten thousand,636.8Ten thousand
Impact of exchange rate changes,--,--,--,--,--,--,--,--,--,--,--,--,--,--,--,--,--,--,--,--,--,--,--,--,--,--,--,--,--,--,--,--,--,--,--,--,--,--,--,--,--,--,--,--,--,--,--,--,--,--,--,--,--,--,--,--,--,--,--,--,--,--,--,--,--,--,--,--,--,--,--,--,--,--,--,--,--,--
Increase in cash and cash equivalents(Decrease)Amount,-576.7Ten thousand,-278.9Ten thousand,1347Ten thousand,823.1Ten thousand,2100Ten thousand,-79.30Ten thousand,-269.3Ten thousand,-25.00Ten thousand,-15.00Ten thousand,-12.60Ten thousand,-920.7Ten thousand,197.0Ten thousand,5.700Ten thousand,5.600Ten thousand,-1702Ten thousand,-868.0Ten thousand,-1694Ten thousand,-1541Ten thousand,230.2Ten thousand,505.8Ten thousand,89.50Ten thousand,129.7Ten thousand,209.2Ten thousand,166.8Ten thousand,251.3Ten thousand,-54.10Ten thousand,164.0Ten thousand,232.9Ten thousand,-137.2Ten thousand,66.30Ten thousand,-2496Ten thousand,-798.8Ten thousand,-366.1Ten thousand,-409.4Ten thousand,-8415Ten thousand,-8184Ten thousand,1251Ten thousand,-22.80Ten thousand,-354.7Ten thousand,-1246Ten thousand,-1936Ten thousand,-996.4Ten thousand,-2.021Hundred million,-6161Ten thousand,-3865Ten thousand,-1009Ten thousand,-1125Ten thousand,-2570Ten thousand,-1497Ten thousand,661.2Ten thousand,-1.909Hundred million,-1.912Hundred million,-1.586Hundred million,-8448Ten thousand,-4879Ten thousand,-1865Ten thousand,-1426Ten thousand,-489.6Ten thousand,1.221Hundred million,8283Ten thousand,2871Ten thousand,1461Ten thousand,7538Ten thousand,-1.549Hundred million,-1.779Hundred million,-1.986Hundred million,6716Ten thousand,1818Ten thousand,-196.5Ten thousand,-951.2Ten thousand,9132Ten thousand,5939Ten thousand,-951.2Ten thousand,9132Ten thousand,5939Ten thousand,1463Ten thousand,-602.7Ten thousand,3717Ten thousand
Beginning balance of cash and cash equivalents,3243Ten thousand,3243Ten thousand,1896Ten thousand,1896Ten thousand,1896Ten thousand,1896Ten thousand,2165Ten thousand,2165Ten thousand,2165Ten thousand,2165Ten thousand,3086Ten thousand,3086Ten thousand,3086Ten thousand,3086Ten thousand,4788Ten thousand,4788Ten thousand,4788Ten thousand,4788Ten thousand,4558Ten thousand,4558Ten thousand,4558Ten thousand,4558Ten thousand,4348Ten thousand,4348Ten thousand,4348Ten thousand,4348Ten thousand,4184Ten thousand,4184Ten thousand,4184Ten thousand,4184Ten thousand,6681Ten thousand,6681Ten thousand,6681Ten thousand,6681Ten thousand,1.510Hundred million,1.510Hundred million,1.510Hundred million,1.510Hundred million,1.545Hundred million,1.545Hundred million,1.545Hundred million,1.545Hundred million,3.566Hundred million,3.566Hundred million,3.566Hundred million,3.566Hundred million,3.679Hundred million,3.679Hundred million,3.679Hundred million,3.679Hundred million,5.588Hundred million,5.588Hundred million,5.588Hundred million,5.588Hundred million,6.076Hundred million,6.076Hundred million,6.076Hundred million,6.076Hundred million,4.855Hundred million,4.855Hundred million,4.855Hundred million,4.855Hundred million,4.101Hundred million,4.101Hundred million,4.101Hundred million,4.101Hundred million,3.429Hundred million,3.429Hundred million,3.429Hundred million,3.429Hundred million,2.516Hundred million,2.516Hundred million,3.429Hundred million,2.516Hundred million,2.516Hundred million,2.516Hundred million,2.516Hundred million,2.144Hundred million
Ending balance of cash and cash equivalents,2667Ten thousand,2964Ten thousand,3243Ten thousand,2719Ten thousand,3996Ten thousand,1812Ten thousand,1896Ten thousand,2140Ten thousand,2150Ten thousand,2153Ten thousand,2165Ten thousand,3283Ten thousand,3092Ten thousand,3092Ten thousand,3086Ten thousand,3920Ten thousand,3093Ten thousand,3247Ten thousand,4788Ten thousand,5063Ten thousand,4647Ten thousand,4687Ten thousand,4558Ten thousand,4515Ten thousand,4600Ten thousand,4294Ten thousand,4348Ten thousand,4417Ten thousand,4047Ten thousand,4251Ten thousand,4184Ten thousand,5882Ten thousand,6314Ten thousand,6271Ten thousand,6681Ten thousand,6911Ten thousand,1.635Hundred million,1.507Hundred million,1.510Hundred million,1.420Hundred million,1.351Hundred million,1.445Hundred million,1.545Hundred million,2.950Hundred million,3.180Hundred million,3.466Hundred million,3.566Hundred million,3.422Hundred million,3.529Hundred million,3.745Hundred million,3.679Hundred million,3.676Hundred million,4.002Hundred million,4.743Hundred million,5.588Hundred million,5.889Hundred million,5.933Hundred million,6.027Hundred million,6.076Hundred million,5.683Hundred million,5.142Hundred million,5.001Hundred million,4.855Hundred million,2.552Hundred million,2.322Hundred million,2.115Hundred million,4.101Hundred million,3.611Hundred million,3.409Hundred million,3.334Hundred million,3.429Hundred million,3.110Hundred million,3.334Hundred million,3.429Hundred million,3.110Hundred million,2.662Hundred million,2.456Hundred million,2.516Hundred million
Accounting standards,US GAAP,US GAAP,US GAAP,US GAAP,US GAAP,US GAAP,US GAAP,US GAAP,US GAAP,US GAAP,US GAAP,US GAAP,US GAAP,US GAAP,US GAAP,US GAAP,US GAAP,US GAAP,US GAAP,US GAAP,US GAAP,US GAAP,US GAAP,US GAAP,US GAAP,US GAAP,US GAAP,US GAAP,US GAAP,US GAAP,US GAAP,US GAAP,US GAAP,US GAAP,US GAAP,US GAAP,US GAAP,US GAAP,US GAAP,US GAAP,US GAAP,US GAAP,US GAAP,US GAAP,US GAAP,US GAAP,,,,,,,,,,,,,,,,,,,,,,,,,,,,,,,,
