0,2025-03-31,2024-12-31,2024-09-30,2024-06-30,2024-03-31,2023-12-31,2023-09-30,2023-06-30,2023-03-31,2022-12-31,2022-09-30,2022-06-30,2022-03-31,2021-12-31,2021-09-30,2021-06-30,2021-03-31,2020-12-31,2020-09-30,2020-06-30,2020-03-31,2019-12-31,2019-09-30,2019-06-30,2019-03-31,2018-12-31,2018-09-30,2018-06-30,2018-03-31,2017-12-31,2017-09-30,2017-06-30,2017-03-31,2016-12-31,2016-09-30,2016-06-30,2016-03-31,2015-12-31,2015-09-30,2015-06-30,2015-03-31,2014-12-31,2014-09-30,2014-06-30,2014-03-31,2013-12-31,2013-09-30,2013-06-30,2013-03-31,2012-12-31,2012-09-30,2012-06-30,2012-03-31,2011-12-31,2011-09-30,2011-06-30,2011-03-31,2010-12-31,2010-09-30,2010-06-30,2010-03-31,2009-12-31,2009-09-30,2009-06-30,2009-03-31,2008-12-31,2008-09-30,2008-06-30,2008-03-31,2007-12-31,2007-09-30,2007-06-30,2008-03-31.1,2007-12-31.1,2007-09-30.1,2007-06-30.1,2007-03-31,2006-12-31
Financial Report Type,2025/Q1 report,2024/annual report,2024/Q3 report,2024/Semi-annual report,2024/Q1 report,2023/annual report,2023/Q3 report,2023/Semi-annual report,2023/Q1 report,2022/annual report,2022/Q3 report,2022/Semi-annual report,2022/Q1 report,2021/annual report,2021/Q3 report,2021/Semi-annual report,2021/Q1 report,2020/annual report,2020/Q3 report,2020/Semi-annual report,2020/Q1 report,2019/annual report,2019/Q3 report,2019/Semi-annual report,2019/Q1 report,2018/annual report,2018/Q3 report,2018/Semi-annual report,2018/Q1 report,2017/annual report,2017/Q3 report,2017/Semi-annual report,2017/Q1 report,2016/annual report,2016/Q3 report,2016/Semi-annual report,2016/Q1 report,2015/annual report,2015/Q3 report,2015/Semi-annual report,2015/Q1 report,2014/annual report,2014/Q3 report,2014/Semi-annual report,2014/Q1 report,2013/annual report,2013/Q3 report,2013/Semi-annual report,2013/Q1 report,2012/annual report,2012/Q3 report,2012/Semi-annual report,2012/Q1 report,2011/annual report,2011/Q3 report,2011/Semi-annual report,2011/Q1 report,2010/annual report,2010/Q3 report,2010/Semi-annual report,2010/Q1 report,2009/annual report,2009/Q3 report,2009/Semi-annual report,2009/Q1 report,2008/annual report,2008/Q3 report,2008/Semi-annual report,2008/Q1 report,2007/annual report,2007/Q3 report,2007/Semi-annual report,2008/Q1 report,2007/annual report,2007/Q3 report,2007/Semi-annual report,2007/Q1 report,2006/annual report
year-end date,12-31,12-31,12-31,12-31,12-31,12-31,12-31,12-31,12-31,12-31,12-31,12-31,12-31,12-31,12-31,12-31,12-31,12-31,12-31,12-31,12-31,12-31,12-31,12-31,12-31,12-31,12-31,12-31,12-31,12-31,12-31,12-31,12-31,12-31,12-31,12-31,12-31,12-31,12-31,12-31,12-31,12-31,12-31,12-31,12-31,12-31,12-31,12-31,12-31,12-31,12-31,12-31,12-31,12-31,12-31,12-31,12-31,12-31,12-31,12-31,12-31,12-31,12-31,12-31,12-31,12-31,12-31,12-31,12-31,12-31,12-31,12-31,12-31,12-31,12-31,12-31,12-31,12-31
currency,US Dollar,US Dollar,US Dollar,US Dollar,US Dollar,US Dollar,US Dollar,US Dollar,US Dollar,US Dollar,US Dollar,US Dollar,US Dollar,US Dollar,US Dollar,US Dollar,US Dollar,US Dollar,US Dollar,US Dollar,US Dollar,US Dollar,US Dollar,US Dollar,US Dollar,US Dollar,US Dollar,US Dollar,US Dollar,US Dollar,US Dollar,US Dollar,US Dollar,US Dollar,US Dollar,US Dollar,US Dollar,US Dollar,US Dollar,US Dollar,US Dollar,US Dollar,US Dollar,US Dollar,US Dollar,US Dollar,US Dollar,US Dollar,US Dollar,US Dollar,US Dollar,US Dollar,US Dollar,US Dollar,US Dollar,US Dollar,US Dollar,US Dollar,US Dollar,US Dollar,US Dollar,US Dollar,US Dollar,US Dollar,US Dollar,US Dollar,US Dollar,US Dollar,US Dollar,US Dollar,US Dollar,US Dollar,US Dollar,US Dollar,US Dollar,US Dollar,US Dollar,US Dollar
Operating Adjustments,,,,,,,,,,,,,,,,,,,,,,,,,,,,,,,,,,,,,,,,,,,,,,,,,,,,,,,,,,,,,,,,,,,,,,,,,,,,,,
Net profit,-3180Ten thousand,2690Ten thousand,-3180Ten thousand,-2840Ten thousand,-1170Ten thousand,5900Ten thousand,5260Ten thousand,4280Ten thousand,2040Ten thousand,-920.0Ten thousand,-4890Ten thousand,-4110Ten thousand,-1380Ten thousand,-6860Ten thousand,-5010Ten thousand,990.0Ten thousand,150.0Ten thousand,-5480Ten thousand,-2060Ten thousand,-3270Ten thousand,-3280Ten thousand,-3.610Hundred million,-3.765Hundred million,-1.987Hundred million,-2690Ten thousand,-6440Ten thousand,-5050Ten thousand,-5310Ten thousand,-3410Ten thousand,1.113Hundred million,2280Ten thousand,-600.0Ten thousand,2820Ten thousand,-2.286Hundred million,5320Ten thousand,1580Ten thousand,-320.0Ten thousand,1.149Hundred million,7766Ten thousand,4921Ten thousand,1785Ten thousand,8988Ten thousand,5596Ten thousand,3608Ten thousand,1432Ten thousand,8699Ten thousand,--,--,--,8836Ten thousand,--,--,--,--,--,--,--,--,--,--,--,--,--,--,--,--,--,--,--,--,--,--,--,--,--,--,--,--
Depreciation and amortization,4140Ten thousand,1.471Hundred million,1.095Hundred million,7280Ten thousand,3660Ten thousand,1.419Hundred million,1.057Hundred million,6970Ten thousand,3510Ten thousand,1.396Hundred million,1.036Hundred million,7180Ten thousand,3650Ten thousand,1.434Hundred million,1.123Hundred million,1.073Hundred million,5350Ten thousand,1.484Hundred million,1.505Hundred million,9940Ten thousand,4980Ten thousand,2.106Hundred million,1.573Hundred million,1.065Hundred million,5500Ten thousand,2.252Hundred million,1.679Hundred million,1.289Hundred million,6700Ten thousand,2.329Hundred million,2.132Hundred million,1.390Hundred million,7240Ten thousand,2.883Hundred million,2.081Hundred million,1.364Hundred million,6100Ten thousand,1.221Hundred million,9193Ten thousand,6177Ten thousand,3073Ten thousand,1.159Hundred million,8293Ten thousand,5266Ten thousand,2701Ten thousand,1.086Hundred million,--,--,--,9822Ten thousand,--,--,--,--,--,--,--,--,--,--,--,--,--,--,--,--,--,--,--,--,--,--,--,--,--,--,--,--
stock-based compensation expenses,560.0Ten thousand,1910Ten thousand,1550Ten thousand,1100Ten thousand,570.0Ten thousand,2480Ten thousand,1910Ten thousand,1310Ten thousand,720.0Ten thousand,1980Ten thousand,1520Ten thousand,910.0Ten thousand,380.0Ten thousand,1420Ten thousand,1010Ten thousand,940.0Ten thousand,490.0Ten thousand,2440Ten thousand,2070Ten thousand,1490Ten thousand,790.0Ten thousand,2260Ten thousand,1750Ten thousand,1200Ten thousand,570.0Ten thousand,3070Ten thousand,2700Ten thousand,2320Ten thousand,1630Ten thousand,2820Ten thousand,2520Ten thousand,1860Ten thousand,750.0Ten thousand,2990Ten thousand,2280Ten thousand,1430Ten thousand,620.0Ten thousand,2290Ten thousand,1050Ten thousand,588.0Ten thousand,281.7Ten thousand,2507Ten thousand,518.7Ten thousand,101.8Ten thousand,-45.00Ten thousand,1175Ten thousand,--,--,--,1017Ten thousand,--,--,--,--,--,--,--,--,--,--,--,--,--,--,--,--,--,--,--,--,--,--,--,--,--,--,--,--
Impairment and provisions,--,1930Ten thousand,1930Ten thousand,1930Ten thousand,--,--,--,--,--,--,--,--,--,--,--,--,--,--,--,--,--,1.291Hundred million,8800Ten thousand,--,--,--,--,--,--,5900Ten thousand,--,--,--,3.522Hundred million,--,--,--,--,--,--,--,2202Ten thousand,--,--,--,--,--,--,--,--,--,--,--,--,--,--,--,--,--,--,--,--,--,--,--,--,--,--,--,--,--,--,--,--,--,--,--,--
Deferred income tax,--,-750.0Ten thousand,-400.0Ten thousand,--,--,350.0Ten thousand,170.0Ten thousand,--,--,910.0Ten thousand,570.0Ten thousand,--,--,-980.0Ten thousand,-130.0Ten thousand,--,--,4350Ten thousand,5050Ten thousand,2190Ten thousand,1500Ten thousand,-6330Ten thousand,-3020Ten thousand,10.00Ten thousand,70.00Ten thousand,-1680Ten thousand,-110.0Ten thousand,--,--,-1.301Hundred million,--,--,--,-1250Ten thousand,--,-660.0Ten thousand,-90.00Ten thousand,-600.0Ten thousand,23.90Ten thousand,-215.5Ten thousand,-186.7Ten thousand,810.1Ten thousand,-281.4Ten thousand,-110.6Ten thousand,-169.9Ten thousand,-1189Ten thousand,--,--,--,572.4Ten thousand,--,--,--,--,--,--,--,--,--,--,--,--,--,--,--,--,--,--,--,--,--,--,--,--,--,--,--,--
Asset Disposal Gains and Losses,--,--,--,--,--,--,--,--,--,--,--,--,--,--,--,--,--,--,--,--,6410Ten thousand,--,--,--,--,-1430Ten thousand,--,--,--,8600Ten thousand,8560Ten thousand,--,--,--,--,130.0Ten thousand,70.00Ten thousand,--,36.50Ten thousand,-222.5Ten thousand,14.70Ten thousand,532.3Ten thousand,181.0Ten thousand,53.40Ten thousand,-20.80Ten thousand,111.8Ten thousand,--,--,--,378.6Ten thousand,--,--,--,--,--,--,--,--,--,--,--,--,--,--,--,--,--,--,--,--,--,--,--,--,--,--,--,--
Investment gains and losses,1960Ten thousand,-670.0Ten thousand,1100Ten thousand,-850.0Ten thousand,-700.0Ten thousand,1510Ten thousand,-150.0Ten thousand,-350.0Ten thousand,590.0Ten thousand,-7060Ten thousand,-7930Ten thousand,-6230Ten thousand,-5080Ten thousand,-2290Ten thousand,-1870Ten thousand,--,--,3120Ten thousand,5060Ten thousand,5980Ten thousand,--,4700Ten thousand,--,--,--,--,--,--,--,--,--,--,--,-1410Ten thousand,--,--,--,--,--,-15.40Ten thousand,-25.90Ten thousand,--,-46.60Ten thousand,--,--,--,--,--,--,--,--,--,--,--,--,--,--,--,--,--,--,--,--,--,--,--,--,--,--,--,--,--,--,--,--,--,--,--
Foreign exchange gains and losses,--,--,--,--,--,--,--,--,--,--,--,--,--,--,--,--,--,--,--,--,--,--,--,--,--,--,--,--,--,--,--,--,--,--,--,--,--,--,1823Ten thousand,900.0Ten thousand,1139Ten thousand,--,685.6Ten thousand,-114.8Ten thousand,295.0Ten thousand,--,--,--,--,-9.700Ten thousand,--,--,--,--,--,--,--,--,--,--,--,--,--,--,--,--,--,--,--,--,--,--,--,--,--,--,--,--
Operating Adjustments Other Items,-90.00Ten thousand,1420Ten thousand,840.0Ten thousand,270.0Ten thousand,500.0Ten thousand,-340.0Ten thousand,-1140Ten thousand,-1420Ten thousand,-1160Ten thousand,-1630Ten thousand,680.0Ten thousand,-80.00Ten thousand,-10.00Ten thousand,230.0Ten thousand,350.0Ten thousand,-2200Ten thousand,-740.0Ten thousand,610.0Ten thousand,710.0Ten thousand,930.0Ten thousand,1920Ten thousand,2.502Hundred million,3.069Hundred million,1.746Hundred million,2830Ten thousand,6590Ten thousand,580.0Ten thousand,920.0Ten thousand,1340Ten thousand,170.0Ten thousand,70.00Ten thousand,7870Ten thousand,-1500Ten thousand,-570.0Ten thousand,-1080Ten thousand,-270.0Ten thousand,30.00Ten thousand,2760Ten thousand,-108.4Ten thousand,-76.10Ten thousand,-79.60Ten thousand,2026Ten thousand,2726Ten thousand,2414Ten thousand,1649Ten thousand,839.7Ten thousand,--,--,--,251.3Ten thousand,--,--,--,--,--,--,--,--,--,--,--,--,--,--,--,--,--,--,--,--,--,--,--,--,--,--,--,--
Total Operating Adjustments,,,,,,,,,,,,,,,,,,,,,,,,,,,,,,,,,,,,,,,,,,,,,,,,,,,,,,,,,,,,,,,,,,,,,,,,,,,,,,
accounts receivable and notes,2750Ten thousand,2810Ten thousand,-4880Ten thousand,-1050Ten thousand,290.0Ten thousand,-1520Ten thousand,-560.0Ten thousand,-330.0Ten thousand,50.00Ten thousand,-890.0Ten thousand,-610.0Ten thousand,-420.0Ten thousand,-3890Ten thousand,6130Ten thousand,2730Ten thousand,4980Ten thousand,6780Ten thousand,-1350Ten thousand,260.0Ten thousand,480.0Ten thousand,-2400Ten thousand,8060Ten thousand,4540Ten thousand,4980Ten thousand,-1640Ten thousand,-2910Ten thousand,4010Ten thousand,6850Ten thousand,-1650Ten thousand,1.033Hundred million,20.00Ten thousand,7720Ten thousand,4500Ten thousand,-5970Ten thousand,-1680Ten thousand,1360Ten thousand,1550Ten thousand,2150Ten thousand,1449Ten thousand,5820Ten thousand,1175Ten thousand,-1856Ten thousand,-787.2Ten thousand,1003Ten thousand,69.70Ten thousand,-927.0Ten thousand,--,--,--,-264.0Ten thousand,--,--,--,--,--,--,--,--,--,--,--,--,--,--,--,--,--,--,--,--,--,--,--,--,--,--,--,--
Operating Activities,,,,,,,,,,,,,,,,,,,,,,,,,,,,,,,,,,,,,,,,,,,,,,,,,,,,,,,,,,,,,,,,,,,,,,,,,,,,,,
inventory,-800.0Ten thousand,-1050Ten thousand,-8440Ten thousand,-6060Ten thousand,-960.0Ten thousand,5160Ten thousand,-3240Ten thousand,-4700Ten thousand,-3810Ten thousand,-1.283Hundred million,-1.900Hundred million,-1.183Hundred million,-3400Ten thousand,-5710Ten thousand,-9080Ten thousand,-1.158Hundred million,-5840Ten thousand,-980.0Ten thousand,-1.197Hundred million,-8440Ten thousand,110.0Ten thousand,6550Ten thousand,-8450Ten thousand,-7920Ten thousand,-4660Ten thousand,5060Ten thousand,-3720Ten thousand,-3220Ten thousand,-2490Ten thousand,2370Ten thousand,-2.050Hundred million,-6570Ten thousand,-1060Ten thousand,5430Ten thousand,-810.0Ten thousand,4700Ten thousand,4680Ten thousand,--,-6172Ten thousand,-2413Ten thousand,2916Ten thousand,-2719Ten thousand,-1.092Hundred million,-5554Ten thousand,-990.7Ten thousand,-1139Ten thousand,--,--,--,-826.3Ten thousand,--,--,--,--,--,--,--,--,--,--,--,--,--,--,--,--,--,--,--,--,--,--,--,--,--,--,--,--
Prepayments and other receivables,-1440Ten thousand,-740.0Ten thousand,-1970Ten thousand,-690.0Ten thousand,-840.0Ten thousand,530.0Ten thousand,-140.0Ten thousand,800.0Ten thousand,-710.0Ten thousand,4360Ten thousand,2200Ten thousand,-940.0Ten thousand,-700.0Ten thousand,100.0Ten thousand,-530.0Ten thousand,--,--,-3460Ten thousand,--,--,--,--,--,--,--,--,--,--,--,--,--,--,--,-1160Ten thousand,-3220Ten thousand,-4450Ten thousand,-1680Ten thousand,--,--,--,--,--,--,--,--,--,--,--,--,--,--,--,--,--,--,--,--,--,--,--,--,--,--,--,--,--,--,--,--,--,--,--,--,--,--,--,--,--
deferred expenses and other assets,--,--,--,--,--,--,--,--,--,--,--,--,--,--,--,-1850Ten thousand,-2830Ten thousand,--,-8750Ten thousand,-5970Ten thousand,-6040Ten thousand,710.0Ten thousand,-2420Ten thousand,-2870Ten thousand,-1490Ten thousand,3250Ten thousand,790.0Ten thousand,-1940Ten thousand,-1050Ten thousand,-1890Ten thousand,-3920Ten thousand,-2280Ten thousand,330.0Ten thousand,--,--,--,--,2090Ten thousand,-515.0Ten thousand,182.7Ten thousand,174.4Ten thousand,-591.0Ten thousand,-1084Ten thousand,-1023Ten thousand,-194.5Ten thousand,265.6Ten thousand,--,--,--,550.8Ten thousand,--,--,--,--,--,--,--,--,--,--,--,--,--,--,--,--,--,--,--,--,--,--,--,--,--,--,--,--
accounts payable and notes,-1.032Hundred million,6600Ten thousand,720.0Ten thousand,-4710Ten thousand,-4820Ten thousand,-8240Ten thousand,-9050Ten thousand,-8630Ten thousand,-2030Ten thousand,-1480Ten thousand,1.105Hundred million,9400Ten thousand,2430Ten thousand,1.261Hundred million,1210Ten thousand,-1980Ten thousand,-720.0Ten thousand,6540Ten thousand,4950Ten thousand,5810Ten thousand,3970Ten thousand,-8090Ten thousand,-6180Ten thousand,-6340Ten thousand,1190Ten thousand,1.061Hundred million,1.408Hundred million,1.062Hundred million,4710Ten thousand,-960.0Ten thousand,1.599Hundred million,1.084Hundred million,-5230Ten thousand,8610Ten thousand,8220Ten thousand,6590Ten thousand,130.0Ten thousand,-3330Ten thousand,2373Ten thousand,-766.6Ten thousand,-2107Ten thousand,-535.7Ten thousand,2811Ten thousand,2696Ten thousand,-1139Ten thousand,2969Ten thousand,--,--,--,128.3Ten thousand,--,--,--,--,--,--,--,--,--,--,--,--,--,--,--,--,--,--,--,--,--,--,--,--,--,--,--,--
Accrued expenses and other liabilities,1070Ten thousand,-2280Ten thousand,-1260Ten thousand,-1560Ten thousand,-1770Ten thousand,-4290Ten thousand,-2530Ten thousand,-2590Ten thousand,-2250Ten thousand,-3170Ten thousand,-1660Ten thousand,-950.0Ten thousand,-1610Ten thousand,-4830Ten thousand,-5610Ten thousand,-4430Ten thousand,-3190Ten thousand,600.0Ten thousand,2080Ten thousand,3190Ten thousand,-1110Ten thousand,-4360Ten thousand,-3210Ten thousand,-1650Ten thousand,-6220Ten thousand,8570Ten thousand,--,--,--,-2180Ten thousand,--,--,--,--,--,--,--,--,--,--,--,--,--,--,--,--,--,--,--,--,--,--,--,--,--,--,--,--,--,--,--,--,--,--,--,--,--,--,--,--,--,--,--,--,--,--,--,--
Operating Activities Other Items,--,--,--,--,--,--,-70.00Ten thousand,-320.0Ten thousand,-40.00Ten thousand,-8300Ten thousand,-3700Ten thousand,4410Ten thousand,2550Ten thousand,1.833Hundred million,1.112Hundred million,-680.0Ten thousand,-310.0Ten thousand,2.044Hundred million,-160.0Ten thousand,50.00Ten thousand,-600.0Ten thousand,4380Ten thousand,3990Ten thousand,5290Ten thousand,2750Ten thousand,3370Ten thousand,-3020Ten thousand,--,--,4030Ten thousand,--,--,--,--,--,--,--,--,--,--,--,--,--,--,--,--,--,--,--,--,--,--,--,--,--,--,--,--,--,--,--,--,--,--,--,--,--,--,--,--,--,--,--,--,--,--,--,--
Net Cash Flow from Operating Activities,-5350Ten thousand,2.658Hundred million,-3040Ten thousand,-7180Ten thousand,-5240Ten thousand,1.573Hundred million,1030Ten thousand,-4980Ten thousand,-3090Ten thousand,-1.507Hundred million,-1.141Hundred million,-2660Ten thousand,-7060Ten thousand,3.249Hundred million,5420Ten thousand,-5080Ten thousand,-860.0Ten thousand,4.167Hundred million,1.229Hundred million,1.238Hundred million,6250Ten thousand,3.077Hundred million,4570Ten thousand,940.0Ten thousand,-3790Ten thousand,5.058Hundred million,2.705Hundred million,2.313Hundred million,5780Ten thousand,5.060Hundred million,2.634Hundred million,3.274Hundred million,7850Ten thousand,4.786Hundred million,2.984Hundred million,2.405Hundred million,1.109Hundred million,2.906Hundred million,1.692Hundred million,1.488Hundred million,8160Ten thousand,2.296Hundred million,7696Ten thousand,8339Ten thousand,3587Ten thousand,2.167Hundred million,1.019Hundred million,7004Ten thousand,5699Ten thousand,2.046Hundred million,1.046Hundred million,9462Ten thousand,5223Ten thousand,1.561Hundred million,5088Ten thousand,7104Ten thousand,3275Ten thousand,2.447Hundred million,1.507Hundred million,1.168Hundred million,5411Ten thousand,1.048Hundred million,2893Ten thousand,1503Ten thousand,882.6Ten thousand,1.756Hundred million,9269Ten thousand,5592Ten thousand,3262Ten thousand,9640Ten thousand,4003Ten thousand,6256Ten thousand,3262Ten thousand,9640Ten thousand,4003Ten thousand,6256Ten thousand,5072Ten thousand,5963Ten thousand
Investment business,,,,,,,,,,,,,,,,,,,,,,,,,,,,,,,,,,,,,,,,,,,,,,,,,,,,,,,,,,,,,,,,,,,,,,,,,,,,,,
increase in deposits(Decrease),--,--,--,--,--,--,--,--,--,--,--,--,--,--,--,--,--,--,--,--,--,--,--,--,--,--,--,--,--,--,--,--,--,--,--,-60.00Ten thousand,--,--,--,--,--,--,--,--,--,--,--,--,--,--,--,--,--,--,--,--,--,--,--,--,--,--,--,--,--,--,--,--,--,--,--,--,--,--,--,--,--,--
Purchase of Fixed Assets,-2590Ten thousand,--,-9160Ten thousand,-5110Ten thousand,-2830Ten thousand,--,-7710Ten thousand,-5430Ten thousand,-3170Ten thousand,--,-5420Ten thousand,-3900Ten thousand,-1690Ten thousand,-6970Ten thousand,-5890Ten thousand,-5510Ten thousand,-2800Ten thousand,-7150Ten thousand,-6720Ten thousand,-4900Ten thousand,-2730Ten thousand,-1.227Hundred million,-8550Ten thousand,-5670Ten thousand,-2880Ten thousand,-1.550Hundred million,-1.021Hundred million,-7930Ten thousand,-3850Ten thousand,-1.355Hundred million,-1.025Hundred million,-7140Ten thousand,-3470Ten thousand,-1.752Hundred million,-1.319Hundred million,-8400Ten thousand,-2490Ten thousand,-7270Ten thousand,-5719Ten thousand,-3913Ten thousand,-2124Ten thousand,-8858Ten thousand,-6539Ten thousand,-3049Ten thousand,-1834Ten thousand,-7478Ten thousand,--,--,--,-7028Ten thousand,--,--,--,--,--,--,--,--,--,--,--,--,--,--,--,--,--,--,--,--,--,--,--,--,--,--,--,--
disposal of fixed assets,410.0Ten thousand,--,140.0Ten thousand,140.0Ten thousand,20.00Ten thousand,--,--,--,--,--,480.0Ten thousand,480.0Ten thousand,480.0Ten thousand,40.00Ten thousand,10.00Ten thousand,130.0Ten thousand,90.00Ten thousand,510.0Ten thousand,510.0Ten thousand,510.0Ten thousand,510.0Ten thousand,480.0Ten thousand,500.0Ten thousand,140.0Ten thousand,--,570.0Ten thousand,440.0Ten thousand,330.0Ten thousand,--,840.0Ten thousand,720.0Ten thousand,170.0Ten thousand,20.00Ten thousand,170.0Ten thousand,150.0Ten thousand,10.00Ten thousand,10.00Ten thousand,60.00Ten thousand,27.80Ten thousand,18.00Ten thousand,12.10Ten thousand,284.2Ten thousand,53.80Ten thousand,52.70Ten thousand,52.50Ten thousand,96.00Ten thousand,--,--,--,11.30Ten thousand,--,--,--,--,--,--,--,--,--,--,--,--,--,--,--,--,--,--,--,--,--,--,--,--,--,--,--,--
Acquisition of Intangible Assets and Other Assets,--,--,--,--,--,--,--,--,--,--,-620.0Ten thousand,-440.0Ten thousand,-250.0Ten thousand,-1450Ten thousand,-1150Ten thousand,-660.0Ten thousand,-330.0Ten thousand,-1270Ten thousand,-1190Ten thousand,-760.0Ten thousand,-380.0Ten thousand,-2410Ten thousand,-1930Ten thousand,-1380Ten thousand,-650.0Ten thousand,-2240Ten thousand,-1640Ten thousand,-900.0Ten thousand,-290.0Ten thousand,-2610Ten thousand,-1860Ten thousand,-1400Ten thousand,-870.0Ten thousand,-1180Ten thousand,-26.55Hundred million,-26.46Hundred million,-26.42Hundred million,-1340Ten thousand,-1024Ten thousand,-699.4Ten thousand,-394.4Ten thousand,-10.04Hundred million,-10.09Hundred million,-1.466Hundred million,-222.7Ten thousand,-2.332Hundred million,--,--,--,-3920Ten thousand,--,--,--,--,--,--,--,--,--,--,--,--,--,--,--,--,--,--,--,--,--,--,--,--,--,--,--,--
disposal of intangible assets and other assets,--,--,--,--,--,--,--,--,--,--,--,--,--,--,--,1720Ten thousand,1720Ten thousand,--,--,--,--,--,--,--,--,--,--,--,--,--,--,--,--,--,--,--,--,--,--,--,--,--,6.300Ten thousand,6.300Ten thousand,6.300Ten thousand,16.50Ten thousand,--,--,--,--,--,--,--,--,--,--,--,--,--,--,--,--,--,--,--,--,--,--,--,--,--,--,--,--,--,--,--,--
Sale of subsidiaries,--,--,--,--,--,--,--,--,--,--,--,--,--,--,--,--,--,2690Ten thousand,--,--,--,--,--,--,--,--,--,--,--,--,--,1930Ten thousand,--,--,--,--,--,--,--,--,--,--,--,--,--,--,--,--,--,--,--,--,--,--,--,--,--,--,--,--,--,--,--,--,--,--,--,--,--,--,--,--,--,--,--,--,--,--
Acquisition of subsidiaries,-2.093Hundred million,--,--,--,--,--,-1.022Hundred million,-1.022Hundred million,--,--,--,--,--,--,--,-510.0Ten thousand,--,-1750Ten thousand,-1750Ten thousand,--,--,--,--,--,--,--,--,--,--,--,--,--,--,-26.44Hundred million,--,--,--,--,--,--,--,--,--,--,--,--,--,--,--,--,--,--,--,--,--,--,--,--,--,--,--,--,--,--,--,--,--,--,--,--,--,--,--,--,--,--,--,--
Net cash flow from other investment activities,--,--,--,--,--,--,--,--,--,--,--,--,--,--,--,--,--,--,2690Ten thousand,2690Ten thousand,--,270.0Ten thousand,--,-10.00Ten thousand,-10.00Ten thousand,2930Ten thousand,2970Ten thousand,-70.00Ten thousand,-30.00Ten thousand,1760Ten thousand,1830Ten thousand,-60.00Ten thousand,-30.00Ten thousand,-160.0Ten thousand,-140.0Ten thousand,-50.00Ten thousand,-30.00Ten thousand,-80.00Ten thousand,--,--,--,-52.10Ten thousand,52.50Ten thousand,--,--,--,--,--,--,--,--,--,--,--,--,--,--,--,--,--,--,--,--,--,--,--,--,--,--,--,--,--,--,--,--,--,--,--
Other investment business projects,--,-1.383Hundred million,--,--,--,2.267Hundred million,4550Ten thousand,-1560Ten thousand,-30.00Ten thousand,4.120Hundred million,-3680Ten thousand,-2340Ten thousand,-1110Ten thousand,6700Ten thousand,7760Ten thousand,8530Ten thousand,-40.00Ten thousand,-2.627Hundred million,-80.00Ten thousand,-40.00Ten thousand,-30.00Ten thousand,7120Ten thousand,7170Ten thousand,-350.0Ten thousand,-110.0Ten thousand,-1850Ten thousand,-1430Ten thousand,--,--,-2420Ten thousand,--,--,--,--,--,--,--,--,--,--,--,--,--,--,--,--,--,--,--,--,--,--,--,--,--,--,--,--,--,--,--,--,--,--,--,--,--,--,--,--,--,--,--,--,--,--,--,--
Net cash flow from investing activities,-2.311Hundred million,-1.383Hundred million,-9020Ten thousand,-4970Ten thousand,-2810Ten thousand,2.267Hundred million,-1.338Hundred million,-1.721Hundred million,-3200Ten thousand,4.120Hundred million,-9240Ten thousand,-6200Ten thousand,-2570Ten thousand,-1680Ten thousand,730.0Ten thousand,3700Ten thousand,-1360Ten thousand,-3.324Hundred million,-6540Ten thousand,-2500Ten thousand,-2630Ten thousand,-6810Ten thousand,-2810Ten thousand,-7270Ten thousand,-3650Ten thousand,-1.609Hundred million,-9870Ten thousand,-8570Ten thousand,-4170Ten thousand,-1.598Hundred million,-9560Ten thousand,-6500Ten thousand,-4350Ten thousand,-28.31Hundred million,-27.87Hundred million,-27.31Hundred million,-26.67Hundred million,-8630Ten thousand,-6715Ten thousand,-4594Ten thousand,-2506Ten thousand,-10.90Hundred million,-10.74Hundred million,-1.765Hundred million,-1998Ten thousand,-3.069Hundred million,-9679Ten thousand,-4541Ten thousand,-2217Ten thousand,-1.094Hundred million,-7631Ten thousand,-5928Ten thousand,-1804Ten thousand,-7430Ten thousand,-5696Ten thousand,-3272Ten thousand,-1329Ten thousand,-9.061Hundred million,-7.119Hundred million,-6.879Hundred million,-6.756Hundred million,-3412Ten thousand,-3084Ten thousand,-2253Ten thousand,-1393Ten thousand,-4184Ten thousand,-3459Ten thousand,-2874Ten thousand,-762.3Ten thousand,-4.678Hundred million,-1.171Hundred million,-1.078Hundred million,-762.3Ten thousand,-4.678Hundred million,-1.171Hundred million,-1.078Hundred million,-220.4Ten thousand,-2.968Hundred million
Financing Activities,,,,,,,,,,,,,,,,,,,,,,,,,,,,,,,,,,,,,,,,,,,,,,,,,,,,,,,,,,,,,,,,,,,,,,,,,,,,,,
issue shares,--,--,--,--,--,--,--,--,--,--,--,--,--,--,--,--,--,--,--,--,--,--,--,--,--,--,--,--,--,--,--,--,--,8.351Hundred million,8.351Hundred million,8.351Hundred million,8.351Hundred million,--,--,--,--,3.584Hundred million,3.584Hundred million,--,--,--,--,--,--,--,--,--,--,--,--,--,--,--,--,--,--,--,--,--,--,--,--,--,--,--,--,--,--,--,--,--,--,--
repurchase shares,--,-1.497Hundred million,-8870Ten thousand,-8870Ten thousand,-4390Ten thousand,-1.000Hundred million,-5000Ten thousand,--,--,--,--,--,--,-2500Ten thousand,-2500Ten thousand,-2500Ten thousand,--,-2500Ten thousand,--,--,--,--,--,--,--,-5460Ten thousand,-4220Ten thousand,-2960Ten thousand,-1710Ten thousand,-2870Ten thousand,--,--,--,--,--,--,--,--,--,--,--,--,--,--,--,--,--,--,--,--,--,--,--,--,--,--,--,--,--,--,--,--,--,--,--,--,--,--,--,--,--,--,--,--,--,--,--,--
issue bonds,--,--,--,--,--,--,--,--,--,--,--,--,--,--,--,--,--,5.000Hundred million,5.000Hundred million,--,--,--,--,--,--,--,--,--,--,--,--,--,--,10.25Hundred million,18.00Hundred million,18.00Hundred million,18.00Hundred million,--,--,--,--,9.000Hundred million,9.000Hundred million,7.000Hundred million,4.000Hundred million,--,--,--,--,--,--,--,--,--,--,--,--,--,--,--,--,--,--,--,--,--,--,--,--,--,--,--,--,--,--,--,--,--
Redemption of Bonds,--,--,--,--,--,--,--,--,--,--,--,--,--,-6.029Hundred million,-6.029Hundred million,-6.029Hundred million,-6.029Hundred million,-3.759Hundred million,-3.759Hundred million,--,--,--,--,--,--,-1.962Hundred million,-1.962Hundred million,-1.402Hundred million,--,--,-230.0Ten thousand,-190.0Ten thousand,-140.0Ten thousand,--,-260.0Ten thousand,-210.0Ten thousand,-80.00Ten thousand,-380.0Ten thousand,-267.2Ten thousand,-201.7Ten thousand,-73.00Ten thousand,-4.032Hundred million,-4.019Hundred million,-4.009Hundred million,-2.985Hundred million,-1.019Hundred million,--,--,--,-194.3Ten thousand,--,--,--,--,--,--,--,--,--,--,--,--,--,--,--,--,--,--,--,--,--,--,--,--,--,--,--,--
Proceeds from Exercising Stock Options,--,--,--,--,--,--,--,--,--,--,--,--,--,--,--,-790.0Ten thousand,-790.0Ten thousand,--,-410.0Ten thousand,-400.0Ten thousand,-380.0Ten thousand,-570.0Ten thousand,-550.0Ten thousand,-560.0Ten thousand,-460.0Ten thousand,-840.0Ten thousand,-330.0Ten thousand,-300.0Ten thousand,-110.0Ten thousand,-690.0Ten thousand,-670.0Ten thousand,-660.0Ten thousand,-90.00Ten thousand,--,-870.0Ten thousand,-780.0Ten thousand,-10.00Ten thousand,-670.0Ten thousand,--,--,--,-477.6Ten thousand,--,--,--,--,--,--,--,--,--,--,--,--,--,--,--,--,--,--,--,--,--,--,--,--,--,--,--,--,--,--,--,--,--,--,--,--
New borrowings,--,3.603Hundred million,2.125Hundred million,950.0Ten thousand,--,29.35Hundred million,26.92Hundred million,15.44Hundred million,7.708Hundred million,8.559Hundred million,3.269Hundred million,4800Ten thousand,3050Ten thousand,1.944Hundred million,1.944Hundred million,1.335Hundred million,3000Ten thousand,1.000Hundred million,1.000Hundred million,1.000Hundred million,1.000Hundred million,1.941Hundred million,1.076Hundred million,4630Ten thousand,1400Ten thousand,1.087Hundred million,8040Ten thousand,590.0Ten thousand,590.0Ten thousand,6.769Hundred million,5.845Hundred million,1.300Hundred million,1.150Hundred million,2.413Hundred million,2.393Hundred million,1.142Hundred million,1.060Hundred million,1.522Hundred million,1.311Hundred million,4000Ten thousand,2000Ten thousand,9.384Hundred million,8.544Hundred million,4.673Hundred million,2500Ten thousand,5.173Hundred million,--,--,--,3.207Hundred million,--,--,--,--,--,--,--,--,--,--,--,--,--,--,--,--,--,--,--,--,--,--,--,--,--,--,--,--
Repayment of loans,--,--,--,--,--,--,--,--,--,--,--,--,--,--,--,-12.52Hundred million,-11.35Hundred million,--,-1.105Hundred million,-1.070Hundred million,-350.0Ten thousand,-3.941Hundred million,-2.426Hundred million,-8130Ten thousand,-2400Ten thousand,-1.652Hundred million,-9090Ten thousand,-1290Ten thousand,-940.0Ten thousand,-23.25Hundred million,-6.853Hundred million,-2.827Hundred million,-1.497Hundred million,--,-3.392Hundred million,-2.113Hundred million,-1.284Hundred million,-3.637Hundred million,-2.644Hundred million,-1.520Hundred million,-8000Ten thousand,-9.401Hundred million,-7.521Hundred million,-7.103Hundred million,-1.777Hundred million,-3.753Hundred million,--,--,--,-3.235Hundred million,--,--,--,--,--,--,--,--,--,--,--,--,--,--,--,--,--,--,--,--,--,--,--,--,--,--,--,--
Loan Income,1920Ten thousand,-3.603Hundred million,-2.125Hundred million,-950.0Ten thousand,--,-29.35Hundred million,-25.37Hundred million,-13.45Hundred million,-7.328Hundred million,-13.70Hundred million,-3.412Hundred million,-6230Ten thousand,-4480Ten thousand,9890Ten thousand,1.024Hundred million,14.30Hundred million,14.30Hundred million,-1.140Hundred million,--,--,--,--,--,--,--,--,--,--,--,14.00Hundred million,--,--,--,3.140Hundred million,--,--,--,--,--,--,--,--,--,--,--,--,--,--,--,--,--,--,--,--,--,--,--,--,--,--,--,--,--,--,--,--,--,--,--,--,--,--,--,--,--,--,--,--
related issuance expenses,-370.0Ten thousand,-60.00Ten thousand,--,--,--,--,--,--,--,-270.0Ten thousand,-270.0Ten thousand,-160.0Ten thousand,-160.0Ten thousand,-850.0Ten thousand,-850.0Ten thousand,-750.0Ten thousand,-700.0Ten thousand,-830.0Ten thousand,-690.0Ten thousand,--,--,--,--,--,--,-240.0Ten thousand,-240.0Ten thousand,-240.0Ten thousand,--,-490.0Ten thousand,--,--,--,-3430Ten thousand,-3430Ten thousand,-3430Ten thousand,-3430Ten thousand,-20.00Ten thousand,--,--,--,-1371Ten thousand,-1371Ten thousand,-1287Ten thousand,-689.7Ten thousand,--,--,--,--,--,--,--,--,--,--,--,--,--,--,--,--,--,--,--,--,--,--,--,--,--,--,--,--,--,--,--,--,--
Excess Tax Benefits,--,--,--,--,--,--,--,--,--,--,--,--,--,--,--,--,--,--,--,--,--,--,--,--,--,--,--,--,--,--,--,--,--,--,--,--,--,--,500.4Ten thousand,458.3Ten thousand,313.2Ten thousand,--,1192Ten thousand,868.1Ten thousand,463.0Ten thousand,437.2Ten thousand,--,--,--,265.7Ten thousand,--,--,--,--,--,--,--,--,--,--,--,--,--,--,--,--,--,--,--,--,--,--,--,--,--,--,--,--
Net cash flow from other financing activities,--,--,--,--,--,--,--,--,--,--,--,--,--,--,--,--,--,--,--,--,--,--,--,--,--,360.0Ten thousand,--,--,--,--,--,--,--,--,--,--,--,-20.00Ten thousand,--,--,--,--,--,--,--,--,--,--,--,--,--,--,--,--,--,--,--,--,--,--,--,--,--,--,--,--,--,--,--,--,--,--,--,--,--,--,--,--
Financing Activities Other Items,-430.0Ten thousand,-900.0Ten thousand,-860.0Ten thousand,-420.0Ten thousand,-390.0Ten thousand,-750.0Ten thousand,-660.0Ten thousand,-630.0Ten thousand,-550.0Ten thousand,-570.0Ten thousand,-510.0Ten thousand,-420.0Ten thousand,-380.0Ten thousand,-1920Ten thousand,-1860Ten thousand,-110.0Ten thousand,-50.00Ten thousand,-280.0Ten thousand,130.0Ten thousand,190.0Ten thousand,-40.00Ten thousand,-120.0Ten thousand,-80.00Ten thousand,-80.00Ten thousand,-20.00Ten thousand,350.0Ten thousand,380.0Ten thousand,420.0Ten thousand,160.0Ten thousand,980.0Ten thousand,1110Ten thousand,990.0Ten thousand,670.0Ten thousand,-340.0Ten thousand,760.0Ten thousand,700.0Ten thousand,190.0Ten thousand,850.0Ten thousand,122.1Ten thousand,111.2Ten thousand,527.3Ten thousand,3261Ten thousand,1519Ten thousand,941.1Ten thousand,753.0Ten thousand,129.1Ten thousand,--,--,--,-387.9Ten thousand,--,--,--,--,--,--,--,--,--,--,--,--,--,--,--,--,--,--,--,--,--,--,--,--,--,--,--,--
Net Cash Flow from Financing Activities,1120Ten thousand,-1.593Hundred million,-9730Ten thousand,-9290Ten thousand,-4780Ten thousand,-1.075Hundred million,9870Ten thousand,1.932Hundred million,3250Ten thousand,-5.227Hundred million,-2210Ten thousand,-2010Ten thousand,-1970Ten thousand,-3.623Hundred million,-3.582Hundred million,-3.330Hundred million,-2.933Hundred million,7400Ten thousand,1.039Hundred million,-910.0Ten thousand,9230Ten thousand,-2.069Hundred million,-1.413Hundred million,-4140Ten thousand,-1480Ten thousand,-3.110Hundred million,-2.508Hundred million,-1.780Hundred million,-2010Ten thousand,-2.783Hundred million,-9870Ten thousand,-1.513Hundred million,-3030Ten thousand,23.78Hundred million,24.97Hundred million,25.01Hundred million,25.79Hundred million,-2.139Hundred million,-1.297Hundred million,-1.083Hundred million,-5233Ten thousand,8.676Hundred million,9.722Hundred million,6134Ten thousand,-4602Ten thousand,4572Ten thousand,1163Ten thousand,-8524Ten thousand,-3540Ten thousand,-596.5Ten thousand,4944Ten thousand,3603Ten thousand,2814Ten thousand,-8354Ten thousand,443.7Ten thousand,-4292Ten thousand,-2419Ten thousand,6.626Hundred million,5.602Hundred million,5.704Hundred million,6.211Hundred million,-6973Ten thousand,219.2Ten thousand,643.7Ten thousand,461.8Ten thousand,-1.397Hundred million,-6517Ten thousand,-3260Ten thousand,-3135Ten thousand,3.807Hundred million,7704Ten thousand,4529Ten thousand,-3135Ten thousand,3.807Hundred million,7704Ten thousand,4529Ten thousand,-4850Ten thousand,2.292Hundred million
Impact of exchange rate changes,20.00Ten thousand,110.0Ten thousand,-40.00Ten thousand,-10.00Ten thousand,-20.00Ten thousand,80.00Ten thousand,150.0Ten thousand,260.0Ten thousand,200.0Ten thousand,-420.0Ten thousand,-250.0Ten thousand,-80.00Ten thousand,20.00Ten thousand,-180.0Ten thousand,-50.00Ten thousand,-40.00Ten thousand,-30.00Ten thousand,400.0Ten thousand,140.0Ten thousand,190.0Ten thousand,-40.00Ten thousand,530.0Ten thousand,450.0Ten thousand,410.0Ten thousand,390.0Ten thousand,-240.0Ten thousand,-100.0Ten thousand,-150.0Ten thousand,-30.00Ten thousand,280.0Ten thousand,70.00Ten thousand,100.0Ten thousand,40.00Ten thousand,220.0Ten thousand,380.0Ten thousand,650.0Ten thousand,320.0Ten thousand,-750.0Ten thousand,-144.6Ten thousand,-195.5Ten thousand,-154.9Ten thousand,-173.4Ten thousand,7.100Ten thousand,229.4Ten thousand,-56.30Ten thousand,-349.0Ten thousand,-308.1Ten thousand,-545.1Ten thousand,-203.1Ten thousand,189.6Ten thousand,282.0Ten thousand,-40.70Ten thousand,171.0Ten thousand,-127.3Ten thousand,-160.3Ten thousand,63.30Ten thousand,79.00Ten thousand,74.20Ten thousand,9.200Ten thousand,-25.80Ten thousand,10.10Ten thousand,72.70Ten thousand,69.00Ten thousand,47.30Ten thousand,-5.200Ten thousand,-61.40Ten thousand,-28.70Ten thousand,-14.10Ten thousand,-12.30Ten thousand,-5.800Ten thousand,--,--,-12.30Ten thousand,-5.800Ten thousand,--,--,--,--
Increase in cash and cash equivalents(Decrease)Amount,-2.732Hundred million,-3070Ten thousand,-2.183Hundred million,-2.145Hundred million,-1.285Hundred million,2.773Hundred million,-2330Ten thousand,-2610Ten thousand,-2840Ten thousand,-2.656Hundred million,-2.311Hundred million,-1.095Hundred million,-1.158Hundred million,-5600Ten thousand,-2.972Hundred million,-3.472Hundred million,-3.158Hundred million,1.623Hundred million,1.628Hundred million,9160Ten thousand,1.281Hundred million,3800Ten thousand,-1.192Hundred million,-1.006Hundred million,-8530Ten thousand,3150Ten thousand,-8000Ten thousand,-3390Ten thousand,-430.0Ten thousand,7070Ten thousand,6980Ten thousand,1.121Hundred million,510.0Ten thousand,2720Ten thousand,1230Ten thousand,1670Ten thousand,2620Ten thousand,-1710Ten thousand,-2910Ten thousand,-741.7Ten thousand,267.0Ten thousand,550.6Ten thousand,-2430Ten thousand,-2946Ten thousand,-3069Ten thousand,-4793Ten thousand,1365Ten thousand,-6606Ten thousand,-260.6Ten thousand,9113Ten thousand,8052Ten thousand,7097Ten thousand,6405Ten thousand,-304.4Ten thousand,-324.3Ten thousand,-397.6Ten thousand,-394.8Ten thousand,190.8Ten thousand,-95.90Ten thousand,-96.80Ten thousand,-31.80Ten thousand,172.8Ten thousand,96.70Ten thousand,-59.00Ten thousand,-53.90Ten thousand,-654.3Ten thousand,-735.6Ten thousand,-556.7Ten thousand,-647.5Ten thousand,922.4Ten thousand,--,8.400Ten thousand,-647.5Ten thousand,922.4Ten thousand,--,8.400Ten thousand,8000,-799.5Ten thousand
Beginning balance of cash and cash equivalents,2.896Hundred million,3.203Hundred million,3.203Hundred million,3.203Hundred million,3.203Hundred million,4300Ten thousand,4300Ten thousand,4300Ten thousand,4300Ten thousand,3.045Hundred million,3.045Hundred million,3.045Hundred million,3.045Hundred million,3.528Hundred million,3.528Hundred million,3.646Hundred million,3.646Hundred million,1.931Hundred million,2.023Hundred million,2.023Hundred million,2.023Hundred million,1.643Hundred million,1.643Hundred million,1.643Hundred million,1.643Hundred million,1.328Hundred million,1.328Hundred million,1.328Hundred million,1.328Hundred million,6210Ten thousand,6210Ten thousand,6210Ten thousand,6210Ten thousand,3490Ten thousand,3490Ten thousand,3490Ten thousand,3490Ten thousand,5200Ten thousand,5198Ten thousand,5198Ten thousand,5198Ten thousand,4648Ten thousand,4648Ten thousand,4648Ten thousand,4648Ten thousand,9441Ten thousand,9441Ten thousand,9441Ten thousand,9441Ten thousand,327.9Ten thousand,327.9Ten thousand,327.9Ten thousand,327.9Ten thousand,632.3Ten thousand,632.3Ten thousand,632.3Ten thousand,632.3Ten thousand,441.5Ten thousand,441.5Ten thousand,441.5Ten thousand,441.5Ten thousand,268.7Ten thousand,268.7Ten thousand,268.7Ten thousand,268.7Ten thousand,923.0Ten thousand,923.0Ten thousand,923.0Ten thousand,923.0Ten thousand,6000,6000,6000,923.0Ten thousand,6000,6000,6000,6000,800.1Ten thousand
Ending balance of cash and cash equivalents,1640Ten thousand,2.896Hundred million,1.020Hundred million,1.058Hundred million,1.918Hundred million,3.203Hundred million,1970Ten thousand,1690Ten thousand,1460Ten thousand,4300Ten thousand,7470Ten thousand,1.950Hundred million,1.885Hundred million,3.045Hundred million,5490Ten thousand,1740Ten thousand,4880Ten thousand,3.528Hundred million,3.651Hundred million,2.939Hundred million,3.304Hundred million,2.023Hundred million,4510Ten thousand,6370Ten thousand,7900Ten thousand,1.643Hundred million,5280Ten thousand,9890Ten thousand,1.285Hundred million,1.328Hundred million,1.319Hundred million,1.742Hundred million,6720Ten thousand,6210Ten thousand,4720Ten thousand,5160Ten thousand,6110Ten thousand,3490Ten thousand,2288Ten thousand,4456Ten thousand,5465Ten thousand,5198Ten thousand,2217Ten thousand,1701Ten thousand,1579Ten thousand,4648Ten thousand,1.081Hundred million,2835Ten thousand,9180Ten thousand,9441Ten thousand,8380Ten thousand,7424Ten thousand,6732Ten thousand,327.9Ten thousand,308.0Ten thousand,234.7Ten thousand,237.5Ten thousand,632.3Ten thousand,345.6Ten thousand,344.7Ten thousand,409.7Ten thousand,441.5Ten thousand,365.4Ten thousand,209.7Ten thousand,214.8Ten thousand,268.7Ten thousand,187.4Ten thousand,366.3Ten thousand,275.5Ten thousand,923.0Ten thousand,6000,9.000Ten thousand,275.5Ten thousand,923.0Ten thousand,6000,9.000Ten thousand,1.400Ten thousand,6000
Other changes during the period,--,--,--,--,--,--,--,--,--,410.0Ten thousand,130.0Ten thousand,--,-20.00Ten thousand,770.0Ten thousand,-70.00Ten thousand,--,--,-260.0Ten thousand,--,--,--,--,--,--,--,--,--,--,--,--,--,--,--,--,--,--,--,--,--,--,--,--,--,--,--,--,--,--,--,--,--,--,--,--,--,--,--,--,--,--,--,--,--,--,--,--,--,--,--,--,--,--,--,--,--,--,--,--
Accounting standards,US GAAP,US GAAP,US GAAP,US GAAP,US GAAP,US GAAP,US GAAP,US GAAP,US GAAP,US GAAP,US GAAP,US GAAP,US GAAP,US GAAP,US GAAP,US GAAP,US GAAP,US GAAP,US GAAP,US GAAP,US GAAP,US GAAP,US GAAP,US GAAP,US GAAP,US GAAP,US GAAP,US GAAP,US GAAP,US GAAP,US GAAP,US GAAP,US GAAP,US GAAP,US GAAP,US GAAP,US GAAP,US GAAP,US GAAP,US GAAP,US GAAP,US GAAP,US GAAP,US GAAP,US GAAP,US GAAP,,,US GAAP,,,,,,,,,,,,,,,,,,,,,,,,,,,,,
